property_id,property_type,square_footage,bedrooms,bathrooms,year_built,lot_size,neighborhood,garage_spaces,pool,fireplace,view,renovation_year,renovation_cost,distance_to_school,distance_to_hospital,distance_to_grocery_store,crime_rate,median_income,property_tax,hoa_fee,heating_type,cooling_type,foundation_type,roof_material,energy_efficiency_rating,listing_date,selling_price,selling_date,profit_margin
1,house,870,6,4,1907,7.5,suburban,0,true,true,ocean,1962,31045,9.4,0.9,9.5,0.4,120909,3681,138,gas,none,slab,metal,3,4/4/2020,720317,3/25/2022,2200
2,house,3980,3,1,2013,7.9,urban,2,false,false,city,1906,36298,4.5,1.9,1.8,4.5,90276,1719,344,oil,none,basement,tile,10,9/19/2022,462518,10/21/2020,1100
3,condo,4038,1,3,1936,9.5,suburban,0,true,true,ocean,1990,42417,5.9,6.2,3.6,9.8,97814,3003,347,oil,central,basement,tile,5,3/24/2021,405087,12/13/2020,800
4,apartment,4208,4,4,2004,2.5,suburban,1,false,true,mountain,1941,4900,0.5,10.0,1.1,0.9,97033,1688,244,electric,none,basement,tile,6,11/29/2022,456279,8/18/2020,9200
5,apartment,2556,2,2,1945,6.1,rural,1,true,true,city,1942,34299,7.8,1.1,9.0,4.1,38154,3003,362,oil,central,basement,asphalt,9,6/14/2021,286338,10/7/2021,700
6,condo,3149,2,3,2002,4.2,rural,3,true,true,ocean,1942,10310,9.2,5.5,7.3,4.4,105822,1893,213,oil,window,slab,asphalt,10,4/29/2022,949079,4/23/2022,9100
7,apartment,3881,2,2,1933,1.2,suburban,1,true,false,city,1966,24160,0.8,2.1,0.8,7.3,27002,4475,159,gas,central,crawl space,asphalt,1,4/7/2020,234312,5/23/2021,800
8,townhouse,1240,6,1,2003,7.5,rural,3,false,true,ocean,1948,12823,9.4,6.3,2.9,4.0,125069,3176,230,oil,central,slab,tile,6,4/8/2022,827802,2/16/2020,6300
9,apartment,2967,3,2,1997,3.0,urban,0,false,false,city,1961,13808,3.8,3.7,4.9,3.3,141727,2951,154,oil,none,basement,metal,10,11/23/2022,859730,7/19/2021,6100
10,house,2360,4,1,1942,3.9,suburban,3,false,false,city,1900,45174,0.5,8.0,8.0,3.0,123179,3080,292,oil,central,slab,asphalt,7,11/13/2021,434939,7/26/2022,800
11,townhouse,3828,4,3,1995,9.5,rural,1,true,true,mountain,2019,4098,2.3,4.4,2.9,7.8,42605,3496,339,oil,none,basement,asphalt,10,6/30/2020,947112,8/15/2022,23000
12,house,1277,6,3,1932,3.4,rural,1,true,true,ocean,1967,47497,6.9,8.3,9.9,7.4,23736,4583,380,oil,window,crawl space,metal,8,7/3/2020,823634,10/23/2022,1600
13,house,2445,3,3,1965,6.3,rural,0,false,true,ocean,1990,43398,9.8,4.7,9.3,7.7,112540,4374,454,electric,window,crawl space,tile,8,5/12/2021,497755,6/21/2021,1000
14,townhouse,1445,5,4,1936,8.6,urban,0,false,false,mountain,1951,12352,2.0,4.6,4.0,2.4,25214,1811,386,electric,none,slab,asphalt,5,6/29/2021,117797,9/25/2022,800
15,townhouse,4905,4,3,1975,4.7,rural,3,false,true,mountain,1924,45793,9.2,5.4,3.6,4.8,87052,1477,322,oil,none,basement,tile,6,10/3/2020,415680,4/28/2021,800
16,condo,2389,6,2,1978,5.8,urban,3,true,true,mountain,1962,32665,5.0,7.9,0.4,3.1,48582,1853,79,electric,central,crawl space,asphalt,6,4/25/2022,458334,1/17/2022,1300
17,house,1587,2,4,1992,0.3,rural,1,false,true,ocean,1954,39658,2.8,2.1,2.2,9.9,144588,2093,475,oil,window,crawl space,metal,4,6/12/2021,989391,6/26/2022,2300
18,house,4156,2,2,1972,7.3,suburban,1,true,true,city,1920,12871,9.6,2.4,7.1,3.9,109947,4101,346,gas,central,slab,asphalt,10,11/25/2022,761882,10/3/2021,5800
19,house,3697,2,4,1940,5.6,suburban,3,true,false,city,1914,17581,9.1,2.7,1.2,7.4,54369,1535,184,oil,central,crawl space,metal,10,4/1/2022,667955,10/13/2022,3600
20,townhouse,3569,2,3,2005,8.8,rural,0,false,true,mountain,1945,25802,4.5,5.9,8.5,1.4,71577,2576,176,gas,none,slab,tile,9,11/29/2020,924749,3/16/2022,3400
21,house,1953,6,1,1992,7.2,urban,2,false,false,ocean,1923,25343,4.5,4.1,4.2,8.5,147955,4817,306,electric,none,crawl space,tile,3,4/28/2022,683136,12/24/2020,2500
22,house,4517,2,3,1942,5.7,urban,1,false,false,mountain,1981,19640,6.8,6.9,3.0,7.4,54912,2171,205,gas,none,slab,metal,5,1/9/2022,747721,12/13/2021,3700
23,condo,2617,4,1,1947,6.6,rural,2,true,false,city,2008,44048,8.0,7.7,2.4,4.1,31884,2124,96,electric,central,slab,asphalt,6,6/29/2021,748040,9/28/2020,1500
24,apartment,1661,4,2,1972,9.2,urban,2,false,false,ocean,1925,48895,1.8,8.3,8.5,5.2,27330,2037,59,electric,none,slab,metal,5,1/14/2022,815460,8/4/2020,1500
25,condo,4310,5,4,1902,3.0,urban,0,true,false,ocean,1982,4238,6.5,9.0,5.7,6.9,70503,4744,422,electric,central,crawl space,tile,9,11/28/2021,487578,4/25/2022,11400
26,townhouse,987,6,4,1904,6.6,urban,0,true,false,ocean,1970,41458,8.9,6.1,2.4,5.1,25775,3913,305,electric,window,slab,metal,7,9/21/2021,484545,5/18/2021,1000
27,apartment,4079,3,1,1909,2.6,urban,2,true,false,ocean,1981,46759,4.9,8.7,0.7,3.5,141187,4963,330,electric,central,slab,asphalt,1,6/28/2021,884973,4/13/2020,1700
28,townhouse,1968,3,2,1964,0.2,rural,0,true,true,mountain,1984,37141,8.1,6.9,9.2,4.4,64535,2115,103,gas,central,crawl space,metal,8,10/4/2021,217717,3/2/2021,400
29,apartment,4598,4,3,1924,0.7,suburban,3,true,false,ocean,1961,26131,7.9,1.8,3.5,3.7,110553,3710,162,electric,window,basement,asphalt,10,2/22/2021,847205,6/27/2020,3100
30,house,647,6,2,1985,0.6,urban,0,true,true,mountain,1922,38269,3.0,7.7,5.2,1.9,140777,2268,277,electric,central,slab,tile,5,4/12/2022,214400,2/25/2020,400
31,apartment,2660,1,4,1955,8.4,rural,2,true,false,mountain,1974,2386,1.8,8.2,3.9,3.9,55615,4617,60,oil,window,slab,tile,2,12/2/2022,750369,10/15/2022,31300
32,townhouse,2722,4,1,1904,5.0,urban,1,false,false,ocean,1922,12945,5.3,8.0,2.7,9.9,74681,686,234,gas,window,basement,metal,10,2/26/2021,981634,6/24/2022,7400
33,house,3744,1,3,1997,0.3,suburban,3,true,true,ocean,1932,17743,3.0,6.2,1.4,9.7,52542,4973,111,gas,central,slab,metal,9,7/10/2021,620385,10/9/2021,3300
34,apartment,1614,3,2,1911,8.7,suburban,1,true,true,mountain,1968,7219,0.5,6.2,7.7,2.9,30054,4889,500,electric,window,slab,metal,8,11/27/2022,411631,3/30/2020,5600
35,house,2417,2,2,1929,2.9,urban,1,true,true,mountain,1971,9668,4.5,7.8,6.8,4.4,74875,583,424,oil,central,slab,tile,8,11/2/2022,550607,12/28/2020,5500
36,house,976,1,1,1991,2.2,suburban,1,false,false,mountain,1924,31605,3.9,2.1,1.3,3.8,109131,4533,79,oil,central,slab,asphalt,3,2/1/2020,318665,7/6/2020,900
37,condo,1213,3,3,2011,7.3,urban,3,false,true,mountain,1971,32968,7.5,8.8,9.8,6.4,123476,4802,337,electric,central,slab,asphalt,7,9/30/2020,567331,9/9/2022,1600
38,condo,506,5,2,1973,9.1,suburban,0,false,true,city,1972,42844,4.3,8.1,7.5,3.0,134127,1353,356,electric,window,crawl space,tile,6,3/30/2022,142244,5/15/2021,200
39,apartment,3186,4,3,1977,9.4,urban,0,false,false,city,1934,9157,8.7,0.7,4.7,3.8,131111,1027,480,electric,window,crawl space,asphalt,1,1/17/2022,546638,4/18/2021,5800
40,townhouse,3631,6,1,1971,4.4,rural,0,true,true,mountain,1988,25089,6.7,5.1,6.7,6.9,79000,4566,110,electric,window,basement,tile,10,2/19/2021,648852,1/8/2021,2400
41,townhouse,1826,2,3,1920,4.4,urban,2,true,true,city,1996,8609,2.8,7.4,6.7,6.3,123935,1375,105,electric,window,crawl space,tile,8,1/10/2022,568267,6/16/2020,6500
42,townhouse,1352,1,2,2007,5.3,suburban,0,true,false,city,1914,9590,2.3,7.9,6.0,8.3,60502,3364,480,electric,window,crawl space,tile,3,6/2/2022,252850,6/8/2022,2500
43,house,3928,3,3,1908,2.7,urban,1,false,false,mountain,1912,23586,2.9,0.6,4.1,8.2,41922,1847,110,gas,window,basement,metal,1,12/29/2022,872039,11/3/2020,3500
44,house,4336,1,2,1926,3.1,rural,1,false,false,mountain,1981,38946,9.3,9.5,5.0,4.8,108610,603,59,electric,window,slab,asphalt,9,9/18/2020,214365,4/21/2022,400
45,house,4340,3,4,1992,0.8,urban,1,false,true,city,1993,4843,7.1,6.1,6.6,8.4,134339,1987,410,oil,none,crawl space,tile,7,1/2/2022,378774,10/17/2020,7700
46,townhouse,1709,4,1,1974,1.6,suburban,1,false,false,city,1951,9512,5.7,8.0,6.9,6.5,112145,4350,245,gas,window,slab,tile,3,8/15/2020,437014,2/27/2020,4400
47,townhouse,3068,2,3,1914,3.3,rural,0,false,false,mountain,1987,23368,8.9,9.3,8.1,0.5,75972,4279,241,gas,central,crawl space,metal,6,10/20/2022,52046,1/13/2020,100
48,apartment,1239,5,4,2000,5.0,suburban,3,true,false,mountain,1916,34936,2.9,1.4,3.1,2.0,80232,687,398,oil,central,slab,tile,4,4/16/2020,551590,5/5/2020,1400
49,apartment,2765,2,2,1911,0.2,rural,1,false,false,mountain,1909,47222,2.6,6.7,6.0,7.0,30700,4304,427,oil,window,crawl space,asphalt,8,3/28/2021,474992,2/2/2021,900
50,house,2690,1,1,1988,2.3,rural,3,true,true,city,1973,44932,5.1,4.6,8.9,6.2,47207,3232,159,gas,none,crawl space,asphalt,9,3/18/2021,609893,12/20/2022,1200
51,house,1445,4,3,2018,6.3,urban,3,false,false,city,1948,7045,7.9,6.3,8.9,8.4,86962,1878,204,gas,central,basement,asphalt,7,4/17/2021,536081,5/4/2022,7500
52,house,4513,3,3,1920,6.5,rural,0,false,true,mountain,1989,21109,3.6,1.1,5.1,9.6,31415,3165,300,oil,none,crawl space,tile,3,1/1/2020,179745,12/3/2020,700
53,condo,4705,5,4,1974,4.5,urban,2,true,false,mountain,2012,31469,5.1,3.9,0.9,8.1,70051,2636,362,oil,central,basement,tile,8,4/24/2020,295477,1/31/2021,800
54,house,4126,1,3,1939,0.3,suburban,2,false,true,city,2009,40657,4.9,2.1,5.8,5.5,145383,615,324,oil,none,slab,asphalt,10,5/30/2022,816986,5/9/2020,1900
55,house,2237,1,3,1950,4.7,suburban,1,false,true,ocean,1902,24582,5.8,4.4,1.5,6.2,117962,4155,274,gas,central,crawl space,tile,10,3/18/2020,719639,7/15/2022,2800
56,townhouse,3116,4,1,2009,4.5,rural,1,true,true,ocean,1987,39862,3.7,3.8,8.5,9.9,97376,1831,403,oil,window,slab,asphalt,1,1/21/2020,983410,1/12/2021,2300
57,apartment,1831,2,3,1974,0.5,suburban,3,true,false,ocean,1994,44981,3.6,6.9,5.4,8.7,96724,3166,411,electric,window,basement,metal,6,11/1/2021,366862,2/25/2022,700
58,townhouse,2720,4,2,1979,8.4,rural,0,true,true,ocean,1930,44635,4.7,4.3,3.1,2.0,121549,4481,166,gas,window,basement,asphalt,1,10/15/2021,319383,3/3/2020,600
59,apartment,2536,4,2,1939,4.1,urban,2,true,true,city,2000,44191,3.9,6.1,5.6,7.9,106621,3923,478,gas,window,basement,tile,5,3/2/2021,561867,12/12/2021,1100
60,condo,3886,2,2,1993,8.7,rural,2,true,true,ocean,1995,11858,1.8,4.3,1.7,7.0,101270,3944,66,gas,none,crawl space,tile,5,6/6/2022,910532,6/3/2022,7500
61,house,3520,5,1,2020,2.8,suburban,0,true,false,mountain,1998,11364,2.4,8.5,6.2,2.2,34168,4319,133,oil,none,slab,asphalt,5,10/30/2020,165998,9/4/2020,1300
62,apartment,574,3,2,2017,8.4,rural,3,true,true,ocean,1945,31304,2.9,2.9,8.9,9.0,60255,3788,270,oil,central,crawl space,asphalt,3,6/5/2022,109121,10/14/2022,200
63,condo,1239,1,2,1981,7.5,rural,3,true,true,city,2019,42159,4.2,2.4,3.9,9.6,135270,4730,163,oil,window,crawl space,tile,4,3/16/2021,625769,5/22/2022,1300
64,townhouse,4892,4,2,1956,8.4,urban,1,true,false,mountain,2016,2033,7.8,6.6,9.1,2.6,117444,3474,397,oil,central,crawl space,metal,3,10/24/2022,481528,9/27/2021,23500
65,townhouse,3040,5,4,1928,2.2,suburban,2,false,true,ocean,1936,43454,2.7,4.1,7.4,3.9,60843,3960,409,gas,none,slab,asphalt,1,8/3/2020,100961,11/12/2022,100
66,townhouse,2373,6,4,1906,1.2,rural,1,true,false,ocean,2004,47576,10.0,3.5,6.3,0.2,116353,4855,486,gas,window,basement,asphalt,1,5/7/2020,348778,7/28/2021,600
67,house,2345,6,1,2001,6.9,urban,0,false,true,mountain,1909,41589,3.9,1.7,7.7,0.7,26096,963,201,oil,none,basement,asphalt,7,8/29/2021,956910,4/1/2020,2200
68,apartment,3196,3,1,1923,3.8,rural,3,true,true,ocean,2022,28741,7.4,4.3,9.3,7.7,118302,3695,156,gas,window,basement,metal,6,7/14/2021,919616,11/22/2020,3000
69,house,3296,1,3,2015,4.2,rural,3,false,true,city,1950,10937,9.7,6.2,3.9,3.1,63255,2813,478,oil,none,basement,metal,5,3/2/2022,419653,3/19/2020,3700
70,townhouse,1801,4,2,1916,6.0,rural,2,true,true,city,1948,29072,9.2,9.0,6.0,4.5,101876,2858,79,oil,central,slab,tile,1,9/4/2022,847599,5/8/2020,2800
71,condo,682,6,4,1919,8.3,suburban,1,true,false,ocean,1998,1341,4.6,3.6,6.2,3.0,126243,3845,383,electric,central,basement,metal,9,3/14/2022,383410,11/16/2021,28400
72,house,549,5,3,1972,4.8,rural,1,false,true,ocean,1948,4407,3.9,6.4,4.0,9.9,62576,3945,136,gas,none,crawl space,metal,2,9/24/2022,443190,11/21/2021,9900
73,condo,4138,2,4,1997,6.4,rural,1,true,true,ocean,1949,32620,4.4,5.0,6.1,8.0,39336,3334,333,gas,window,basement,metal,3,11/15/2022,268750,3/8/2020,700
74,condo,2246,3,2,1920,5.8,rural,3,true,true,city,1901,19152,3.2,2.6,5.2,4.1,102125,2068,270,gas,central,slab,asphalt,8,11/20/2020,577178,5/19/2020,2900
75,townhouse,4426,6,3,1905,0.9,rural,1,false,false,ocean,1952,28034,0.1,3.9,3.2,3.4,82165,1719,183,gas,none,slab,asphalt,8,4/19/2021,95731,11/11/2021,200
76,house,1772,1,1,1930,3.5,rural,3,true,false,mountain,1930,19792,4.4,7.3,2.5,4.5,95489,4179,223,electric,none,slab,metal,2,5/3/2020,542279,12/12/2021,2600
77,house,4254,3,2,1937,3.6,suburban,3,true,true,city,1948,22170,8.6,0.2,1.0,1.2,94356,719,404,oil,central,basement,asphalt,7,2/20/2022,746731,6/18/2022,3200
78,condo,854,1,1,1904,9.1,rural,1,true,false,mountain,1979,37521,3.2,9.2,7.1,6.1,114943,1339,108,electric,central,crawl space,asphalt,2,5/28/2022,381478,12/31/2020,900
79,apartment,3539,5,4,1906,3.1,urban,0,false,false,mountain,2019,5564,3.3,8.2,2.6,8.3,143755,4604,438,electric,none,slab,asphalt,7,6/4/2022,535885,12/23/2021,9500
80,condo,3289,5,1,2002,3.2,rural,0,false,false,city,1984,5267,5.6,3.8,6.0,0.9,84167,2136,98,gas,central,slab,metal,1,8/26/2021,941110,7/9/2020,17700
81,condo,2053,5,4,1995,8.2,rural,0,true,true,city,1900,40526,5.1,3.1,4.8,8.9,115553,2803,204,electric,none,crawl space,metal,2,11/12/2021,684119,5/22/2021,1500
82,apartment,944,3,1,2006,4.5,urban,0,true,true,mountain,2019,33872,9.2,9.7,10.0,3.6,132368,2868,398,gas,none,slab,metal,3,1/21/2022,650270,1/17/2020,1800
83,townhouse,4630,1,1,1997,7.6,urban,1,true,false,city,1959,32739,3.3,5.0,3.0,4.3,138649,4427,302,gas,none,slab,metal,1,8/2/2020,383373,6/7/2022,1000
84,condo,4347,4,4,1945,1.4,rural,0,false,false,mountain,1994,49932,2.4,8.6,5.1,2.2,136133,1079,242,electric,window,basement,metal,5,3/19/2021,630963,3/27/2020,1100
85,apartment,2566,5,4,1993,0.1,suburban,0,true,false,ocean,1913,8942,0.4,2.0,6.9,9.7,46241,909,262,oil,none,crawl space,asphalt,7,8/20/2022,258533,1/24/2021,2700
86,condo,523,1,2,1967,9.4,rural,3,false,false,city,2020,17106,1.8,5.5,5.2,5.7,116410,4808,151,oil,central,crawl space,tile,4,10/9/2021,689550,4/18/2020,3900
87,house,3792,1,4,1988,7.0,suburban,2,true,true,city,1986,33628,3.5,6.0,1.6,0.7,87582,2620,229,oil,window,slab,asphalt,6,7/6/2022,147099,6/9/2022,300
88,townhouse,3892,1,1,1928,6.8,urban,1,false,true,ocean,1982,14234,4.2,2.5,7.1,8.0,66147,1127,103,electric,window,slab,asphalt,2,12/16/2022,656967,8/1/2021,4500
89,house,3215,4,2,1994,0.6,urban,0,false,true,city,2001,27396,0.6,0.9,6.7,4.0,120324,4152,302,oil,window,basement,asphalt,2,5/13/2021,743207,6/18/2021,2600
90,townhouse,1784,6,1,1961,7.5,urban,2,false,false,mountain,1968,5369,4.5,4.8,2.3,5.3,84311,2132,244,oil,none,slab,asphalt,10,7/21/2022,623021,9/14/2021,11500
91,apartment,1140,3,1,1932,9.5,urban,1,true,false,city,1952,41801,4.2,9.5,4.7,4.8,86889,1979,464,electric,window,crawl space,metal,5,6/16/2022,577788,5/7/2020,1200
92,apartment,4306,1,4,1977,6.8,rural,3,false,true,mountain,1904,44401,6.0,10.0,8.7,4.3,23309,3592,480,oil,none,basement,asphalt,5,5/9/2022,678100,6/30/2020,1400
93,townhouse,1267,3,3,1935,8.8,suburban,1,true,true,city,1993,18580,5.9,1.2,4.9,4.3,28254,4753,297,oil,central,slab,metal,8,5/17/2020,384329,4/2/2021,1900
94,apartment,754,3,4,2021,9.5,rural,2,false,true,ocean,2013,36354,5.9,9.4,0.6,1.3,108703,4349,368,electric,none,crawl space,metal,1,3/31/2020,823578,4/4/2022,2100
95,condo,2973,3,2,1973,8.5,urban,2,false,false,ocean,2002,48694,3.6,6.1,5.1,5.3,114121,3679,302,electric,central,slab,asphalt,10,7/22/2021,77982,11/23/2020,0
96,townhouse,3375,1,4,1989,2.7,urban,0,false,false,mountain,2009,41304,3.8,1.2,0.6,9.6,49873,1415,334,electric,window,slab,metal,10,5/31/2022,267104,5/22/2021,500
97,condo,569,2,3,1953,2.9,suburban,1,true,false,city,2010,30328,5.1,0.2,0.8,9.3,100951,3959,485,oil,none,slab,asphalt,9,4/18/2020,811088,12/14/2020,2500
98,house,3821,3,1,1977,1.0,suburban,3,true,false,ocean,2001,20211,1.1,5.3,2.3,9.6,30734,2749,465,oil,window,slab,tile,5,10/16/2020,554877,3/15/2021,2600
99,apartment,633,6,2,1901,3.7,rural,1,true,true,city,1942,20837,7.7,1.4,8.1,2.1,95731,2054,151,electric,window,basement,tile,10,11/26/2020,605135,12/11/2021,2800
100,house,4328,2,1,2003,6.3,urban,0,false,false,mountain,2007,17382,2.4,7.7,6.8,6.8,50130,534,256,gas,window,basement,tile,6,4/5/2021,167621,2/1/2020,800
101,townhouse,3421,4,4,1958,9.8,suburban,0,false,true,ocean,1988,34543,4.4,7.0,4.1,5.4,46855,727,398,oil,central,slab,tile,8,11/19/2020,777182,11/6/2022,2100
102,apartment,976,4,3,1997,0.5,urban,0,false,true,mountain,1952,36204,2.6,9.8,1.5,5.3,134685,2282,416,gas,window,basement,metal,6,7/14/2020,388529,9/26/2020,900
103,condo,565,5,3,1937,7.1,suburban,3,true,true,mountain,1916,43170,1.8,2.5,5.5,8.8,63711,3993,170,electric,none,crawl space,metal,6,1/26/2020,205876,11/17/2021,300
104,condo,1792,4,3,1963,7.0,urban,3,false,false,ocean,1948,11007,6.8,7.5,4.8,4.9,124969,2828,178,gas,central,slab,asphalt,7,1/12/2022,844998,7/29/2020,7500
105,house,3484,5,2,1964,9.0,rural,2,false,true,mountain,1916,41612,10.0,6.4,0.3,4.1,100867,4956,423,gas,window,slab,asphalt,4,12/3/2021,201716,1/9/2022,300
106,townhouse,3742,5,4,2002,4.2,rural,0,true,false,ocean,1917,35258,1.7,1.5,4.4,1.6,111219,4154,295,gas,none,slab,tile,9,7/21/2022,503603,2/8/2021,1300
107,townhouse,4789,4,2,1937,4.9,urban,3,true,true,ocean,1926,24421,3.8,4.8,7.6,1.8,35607,636,118,oil,window,crawl space,tile,8,2/9/2021,55785,8/5/2020,100
108,townhouse,2058,5,4,1939,5.2,suburban,1,true,false,mountain,1901,37203,6.6,9.3,1.3,5.5,26912,1795,408,oil,central,crawl space,metal,7,12/16/2022,809547,8/7/2022,2000
109,house,4447,3,4,1986,9.0,rural,0,false,true,ocean,1903,9593,2.4,9.5,2.7,5.7,99044,1673,292,gas,none,slab,tile,1,9/11/2020,588234,8/12/2022,6000
110,townhouse,1435,3,3,1948,1.0,suburban,1,false,false,city,1948,14146,2.1,4.4,2.7,2.4,95124,1097,438,electric,none,crawl space,metal,4,2/19/2021,943123,10/22/2020,6500
111,townhouse,2915,5,3,1915,5.8,urban,0,false,false,ocean,1944,36294,1.1,0.4,0.8,5.1,34734,3292,204,electric,central,basement,metal,4,12/12/2021,372724,1/6/2020,900
112,townhouse,2550,2,3,1958,6.4,urban,0,true,true,ocean,2022,7046,8.5,4.8,8.9,2.4,63990,4225,327,oil,window,crawl space,asphalt,8,5/3/2020,272327,3/29/2020,3700
113,apartment,4600,2,3,1953,9.7,urban,1,false,false,mountain,2022,14812,5.9,7.2,3.8,8.6,67457,2750,372,oil,window,slab,asphalt,2,7/24/2022,223269,4/10/2021,1400
114,townhouse,4889,3,1,1986,6.6,urban,3,true,false,mountain,2021,18063,8.9,8.7,2.0,8.7,41242,3292,478,gas,none,basement,tile,7,9/8/2021,275794,4/23/2020,1400
115,townhouse,4245,4,4,1976,8.1,rural,0,true,false,mountain,1909,11598,6.0,2.9,4.4,3.4,44810,2855,476,electric,central,crawl space,metal,5,11/2/2021,724009,9/23/2021,6100
116,house,1935,3,4,1970,0.9,urban,0,false,true,ocean,1966,31318,9.7,5.1,2.6,7.7,27438,1484,78,electric,window,crawl space,asphalt,2,12/30/2022,624049,8/26/2022,1800
117,condo,4771,1,3,2010,2.9,suburban,1,true,false,city,1966,10791,6.7,4.6,9.3,8.1,103407,4278,474,electric,central,basement,tile,1,4/17/2020,902736,1/14/2021,8200
118,house,1449,5,2,1971,3.4,suburban,3,false,true,city,1926,21032,1.0,9.2,5.0,4.2,129506,2174,95,gas,none,basement,metal,9,2/16/2020,517130,6/7/2021,2300
119,condo,2339,4,4,1927,3.1,rural,3,false,true,ocean,1930,40111,5.1,8.6,2.4,0.5,68462,785,166,electric,central,crawl space,metal,4,12/28/2020,444142,1/17/2022,1000
120,townhouse,3060,6,3,2021,1.4,rural,3,false,false,ocean,1907,34386,7.8,6.3,8.1,6.6,46192,728,425,electric,window,basement,asphalt,7,1/23/2021,557682,12/19/2020,1500
121,house,2523,3,1,1924,3.8,urban,2,true,true,ocean,1945,41879,7.3,7.9,6.2,4.8,66474,4803,413,gas,central,slab,tile,10,7/14/2021,840794,11/17/2022,1900
122,townhouse,2826,4,3,1913,8.4,rural,2,false,true,city,1940,17810,1.5,9.3,0.8,4.6,46850,2014,170,gas,window,slab,tile,3,6/29/2020,455695,9/29/2020,2400
123,townhouse,4307,4,2,1917,2.2,suburban,2,false,true,mountain,1958,20033,4.4,6.3,7.2,1.3,43165,3128,445,oil,window,slab,metal,5,8/30/2021,620616,8/21/2020,2900
124,condo,1008,5,3,1996,0.7,suburban,0,true,false,mountain,1972,18380,3.8,2.5,2.0,5.1,68711,4556,323,oil,window,crawl space,asphalt,5,4/6/2021,166078,8/4/2020,800
125,condo,1628,5,2,2012,5.9,rural,2,true,false,mountain,1966,48874,8.8,9.2,4.4,0.3,22569,3284,242,oil,none,slab,metal,6,5/7/2022,469560,4/10/2020,800
126,apartment,3800,4,3,1941,7.7,suburban,0,true,false,ocean,2012,47667,5.0,9.8,5.0,5.5,116772,4719,336,oil,central,crawl space,asphalt,10,7/30/2020,936306,8/8/2022,1800
127,townhouse,2513,2,1,1943,6.4,urban,3,true,false,city,1931,45046,7.3,5.6,0.8,8.3,88921,623,74,oil,central,slab,tile,7,2/10/2022,560764,3/4/2020,1100
128,house,1763,5,1,2008,5.1,suburban,0,false,false,mountain,1935,37085,6.7,3.1,5.2,8.5,79378,3247,466,gas,central,basement,metal,8,7/9/2021,513737,7/11/2021,1200
129,apartment,719,3,2,1921,1.4,rural,2,true,false,ocean,1921,38215,7.8,8.6,1.3,0.3,122675,3509,399,gas,central,crawl space,asphalt,8,5/19/2022,349782,12/28/2020,800
130,condo,4047,1,3,1977,1.4,rural,1,true,false,city,2005,39022,3.5,8.7,7.1,4.2,127981,765,90,gas,central,slab,tile,10,5/28/2021,596006,10/9/2022,1400
131,apartment,3210,4,3,1958,5.0,suburban,1,true,true,mountain,1983,40497,5.2,2.3,5.6,7.0,115938,1735,358,gas,none,basement,tile,6,6/21/2021,50418,10/22/2022,0
132,apartment,1309,1,1,1953,7.7,urban,2,false,false,ocean,1968,5174,9.7,7.2,5.3,8.2,31209,1187,110,oil,window,slab,tile,7,11/27/2022,726056,2/28/2022,13900
133,condo,3342,3,3,1921,7.6,urban,1,true,true,ocean,2005,20869,8.8,0.8,5.8,9.0,135308,2256,123,oil,none,basement,asphalt,4,9/12/2022,76230,6/12/2022,200
134,house,2655,6,4,1960,7.4,suburban,0,true,false,city,1951,41474,9.7,4.5,5.6,3.8,47451,1902,245,gas,window,slab,asphalt,7,9/10/2020,634614,8/13/2022,1400
135,townhouse,4143,5,4,1907,6.8,urban,0,true,false,ocean,1942,20387,7.8,5.4,9.8,5.9,55920,648,231,oil,window,basement,metal,1,12/7/2022,647357,9/11/2020,3000
136,apartment,4877,5,3,1990,3.3,rural,2,false,false,ocean,1953,12947,3.4,5.0,6.6,7.6,132514,4268,319,electric,none,crawl space,asphalt,2,11/8/2021,378550,3/9/2022,2800
137,townhouse,4853,3,3,1922,7.3,rural,2,false,false,mountain,1964,45916,8.6,9.6,3.3,8.4,107206,3698,391,oil,window,slab,tile,1,2/9/2021,870983,7/28/2022,1700
138,apartment,1219,4,1,1944,5.1,rural,2,true,true,ocean,1949,7443,8.6,8.8,7.2,5.0,30179,4323,60,electric,none,crawl space,asphalt,4,8/6/2021,237613,11/10/2020,3000
139,apartment,1116,4,1,1941,6.3,rural,0,true,true,ocean,1990,48169,0.5,2.3,3.7,1.8,27854,1140,254,oil,window,slab,metal,4,10/8/2020,414473,6/28/2020,700
140,condo,4693,6,1,1903,6.5,suburban,2,false,true,city,1998,44836,4.9,5.7,7.6,9.3,49323,2990,331,gas,none,basement,metal,1,6/18/2020,539574,4/1/2020,1100
141,condo,649,3,2,1902,1.3,urban,1,true,true,ocean,2020,2561,1.2,3.8,6.8,1.8,74002,3039,94,oil,none,crawl space,asphalt,9,5/20/2022,314158,5/21/2022,12100
142,apartment,2744,2,1,1910,1.6,urban,2,true,false,city,1908,41371,0.7,5.6,8.4,7.0,37986,1267,339,oil,none,crawl space,metal,1,1/17/2022,942027,12/18/2020,2100
143,apartment,3099,5,3,1907,8.4,suburban,3,true,true,mountain,1921,36050,7.8,0.6,5.5,3.5,25147,2327,296,oil,window,basement,metal,5,3/24/2020,156542,9/15/2020,300
144,apartment,2609,1,2,1971,2.7,rural,3,false,false,city,1978,6438,6.3,1.7,6.3,2.1,149709,1819,454,oil,central,slab,metal,7,12/18/2020,56122,2/14/2020,700
145,townhouse,2484,3,1,1957,8.0,urban,2,true,true,ocean,1948,48759,3.1,3.7,10.0,7.9,123906,3004,87,electric,central,crawl space,metal,1,4/20/2022,248247,2/6/2022,400
146,townhouse,3629,3,2,1994,8.7,urban,1,false,true,city,1965,13105,8.6,0.4,1.0,0.4,83363,2430,230,electric,window,slab,tile,7,4/21/2020,237889,6/20/2022,1700
147,condo,1682,6,3,1960,6.9,rural,2,false,false,city,1920,20231,0.6,0.1,3.8,9.5,102997,3088,284,electric,none,basement,tile,4,5/22/2022,736050,5/4/2020,3500
148,house,2145,5,3,2001,3.3,urban,3,false,true,city,1950,28269,6.9,1.6,6.5,7.1,120164,4318,346,gas,central,basement,tile,3,6/24/2020,608133,2/2/2021,2000
149,apartment,950,5,4,2007,5.7,suburban,3,true,true,ocean,1990,19700,8.6,3.1,2.7,6.4,51900,3593,333,electric,none,slab,tile,6,10/23/2020,355881,2/6/2021,1700
150,townhouse,1324,3,2,2009,4.4,urban,0,true,false,ocean,1933,9756,8.2,6.0,9.6,9.6,27377,3163,170,electric,window,slab,asphalt,5,1/13/2022,868489,1/23/2021,8800
151,house,4016,6,2,2018,1.5,suburban,2,true,true,mountain,2003,30923,7.9,10.0,2.8,7.4,72875,4879,138,oil,central,basement,metal,1,7/21/2022,163778,6/18/2021,400
152,condo,2917,4,1,1910,0.2,rural,3,false,true,city,2019,33064,4.1,4.6,1.5,8.7,98998,1433,269,electric,central,basement,tile,6,12/11/2021,542574,1/9/2022,1500
153,condo,1610,6,3,1992,1.9,suburban,3,false,true,mountain,1960,46714,2.5,6.0,5.9,5.1,127527,736,491,gas,window,basement,tile,10,12/2/2021,102743,6/12/2021,100
154,apartment,910,4,1,1989,0.4,urban,0,false,true,ocean,2020,39730,8.6,2.9,5.3,8.8,60914,1662,228,gas,none,crawl space,asphalt,9,2/8/2020,525025,9/2/2022,1200
155,house,2214,2,1,2014,7.4,suburban,1,true,true,mountain,2005,48478,9.0,4.1,9.9,4.9,103260,1838,406,electric,central,crawl space,metal,9,10/12/2021,114940,6/17/2020,100
156,apartment,4453,1,4,1990,5.4,rural,2,false,false,mountain,1927,9204,3.1,2.7,6.3,1.7,66163,4277,375,electric,central,crawl space,tile,4,5/2/2022,703936,1/24/2021,7500
157,condo,4767,2,1,1953,8.3,rural,0,true,false,ocean,2004,35037,0.6,1.6,6.4,6.7,95297,880,427,oil,none,crawl space,metal,1,1/25/2021,126619,11/2/2021,200
158,townhouse,3307,2,4,1917,0.3,suburban,2,false,true,city,1930,46930,10.0,6.5,5.0,9.5,60719,1806,301,gas,none,slab,asphalt,9,3/13/2021,73453,6/1/2020,0
159,townhouse,3004,5,1,1970,0.4,urban,1,true,false,city,2004,14853,4.9,2.7,4.3,5.8,95922,2758,177,gas,central,slab,asphalt,7,11/14/2022,668254,3/22/2020,4300
160,condo,1552,5,3,1998,5.9,suburban,2,true,true,city,1988,6807,5.4,9.9,3.8,0.6,45709,4545,200,oil,window,slab,metal,3,7/10/2021,455746,10/8/2020,6500
161,townhouse,4985,4,1,1944,7.5,urban,2,false,false,city,1912,4562,7.2,9.8,7.2,3.0,67536,4362,409,electric,window,crawl space,tile,6,1/23/2020,823221,9/21/2021,17900
162,townhouse,1653,5,2,1916,4.1,suburban,2,true,false,mountain,1949,41915,3.8,9.0,6.9,9.5,65905,2344,153,gas,none,slab,metal,5,1/15/2021,865635,7/21/2020,1900
163,townhouse,1104,3,3,1970,8.1,urban,3,false,true,city,1967,32423,1.9,6.3,6.5,3.9,75423,4319,331,electric,none,crawl space,metal,4,11/22/2020,531431,3/13/2022,1500
164,apartment,1025,1,4,1933,3.4,suburban,3,true,false,city,1907,2582,9.3,5.1,3.8,7.4,24308,2167,94,gas,window,crawl space,metal,2,7/27/2022,695077,10/22/2022,26800
165,house,1839,1,4,1927,9.8,rural,0,false,true,city,2004,44462,2.8,7.8,9.5,0.3,94283,1265,309,gas,central,basement,tile,10,12/18/2022,317285,8/18/2020,600
166,condo,3898,5,1,1979,0.9,rural,1,true,false,city,1912,45054,0.5,9.3,6.2,9.2,129397,2201,177,oil,none,crawl space,tile,2,9/2/2022,824102,3/9/2020,1700
167,townhouse,3960,2,4,1976,2.6,rural,2,false,false,ocean,2021,26673,6.0,0.8,1.7,3.7,142830,2373,333,oil,central,basement,metal,5,1/26/2022,898539,2/15/2022,3200
168,townhouse,3004,1,2,1934,7.9,urban,3,false,false,mountain,1998,14281,3.6,8.1,2.3,2.2,112093,1956,54,electric,none,crawl space,tile,3,12/25/2020,983381,3/16/2021,6700
169,townhouse,1551,1,1,2006,1.4,rural,3,false,false,city,1930,16754,2.7,4.7,4.6,2.6,42346,2870,274,oil,window,crawl space,tile,9,3/20/2020,962000,1/1/2022,5600
170,apartment,4662,1,3,1918,8.3,suburban,3,false,true,ocean,1961,38929,7.1,9.4,6.0,5.9,147344,4317,355,gas,central,basement,tile,5,10/28/2022,907583,9/12/2020,2200
171,apartment,3588,2,3,1906,4.9,urban,1,true,false,mountain,1916,13380,6.9,2.3,1.6,4.1,130400,3969,320,oil,central,slab,metal,1,2/17/2020,639834,9/15/2020,4600
172,house,5000,6,2,1927,1.9,suburban,3,true,true,city,1952,11604,5.9,3.3,3.4,3.0,149852,3859,141,gas,central,crawl space,asphalt,4,1/18/2022,365695,7/5/2020,3000
173,house,4451,4,2,1954,9.0,rural,2,false,true,mountain,1919,45917,0.1,2.8,7.6,4.5,75987,3070,450,oil,window,crawl space,tile,9,9/2/2020,180055,11/14/2022,200
174,townhouse,4534,3,3,2004,6.8,urban,2,true,false,ocean,1983,12064,1.7,1.9,6.4,5.3,37658,1409,489,electric,window,basement,asphalt,2,4/1/2020,811789,3/6/2020,6600
175,house,3810,5,3,2004,5.6,rural,0,true,true,ocean,1985,40495,0.8,6.1,0.9,6.5,108316,4120,360,gas,window,slab,metal,4,2/7/2021,934749,7/5/2021,2200
176,condo,964,6,3,1949,4.5,urban,3,true,true,ocean,1947,40017,0.7,2.4,1.7,5.0,80126,1898,75,oil,window,basement,metal,9,11/7/2022,305198,8/1/2022,600
177,condo,1125,3,3,2004,6.1,urban,2,true,true,city,2016,18587,0.8,1.1,2.6,6.1,143454,2547,307,electric,none,crawl space,asphalt,9,11/23/2020,307794,8/12/2021,1500
178,condo,4039,3,3,1950,3.5,urban,1,false,false,mountain,1974,26352,3.5,3.9,2.8,8.1,81320,884,445,gas,central,slab,asphalt,6,10/7/2021,220799,7/25/2020,700
179,condo,1392,4,3,1989,2.6,rural,3,true,false,mountain,2001,43458,8.5,9.9,1.1,6.2,98286,1711,407,electric,none,crawl space,asphalt,6,4/17/2020,276081,2/5/2020,500
180,condo,1730,5,1,1908,6.3,urban,2,false,false,city,1929,2534,5.2,3.8,1.4,4.3,109461,4854,367,oil,window,crawl space,asphalt,2,9/28/2021,128319,4/28/2021,4900
181,condo,2116,3,4,2013,1.2,urban,0,false,true,ocean,1929,26675,0.1,7.4,2.2,2.1,26867,4254,135,oil,central,basement,metal,8,8/22/2021,916780,6/18/2022,3300
182,condo,1226,3,1,1937,4.2,rural,1,false,false,city,1909,15097,6.5,7.4,5.4,3.6,101405,2655,293,gas,none,crawl space,asphalt,1,10/10/2021,80049,8/28/2021,400
183,townhouse,1516,6,1,1906,9.8,suburban,3,true,true,ocean,1927,48314,5.3,5.5,3.2,8.2,105992,1838,225,gas,window,basement,metal,6,5/2/2021,469424,5/29/2021,800
184,townhouse,1143,4,4,1915,2.0,suburban,3,true,false,city,2014,5712,2.8,7.0,1.3,1.3,147062,2853,109,electric,none,slab,asphalt,8,9/26/2020,570337,5/11/2022,9800
185,house,4466,3,4,1997,1.7,urban,2,true,false,mountain,1970,18285,2.4,5.5,7.5,6.4,20831,1119,481,oil,central,basement,tile,10,10/12/2021,548868,3/12/2020,2900
186,apartment,776,5,4,1988,8.3,suburban,2,true,true,ocean,1985,15032,5.1,9.1,7.2,8.8,144270,4689,292,electric,window,slab,tile,1,4/14/2022,791778,9/20/2020,5100
187,apartment,2724,6,2,1989,3.6,rural,3,true,false,city,1959,44345,5.8,2.7,4.5,8.2,144876,2881,128,gas,central,basement,asphalt,7,6/22/2020,544248,1/25/2022,1100
188,house,571,3,1,1906,7.5,suburban,3,true,true,ocean,1948,41739,2.3,8.7,4.9,2.3,51934,4379,103,electric,central,slab,metal,7,2/20/2022,705549,10/22/2020,1500
189,apartment,3638,6,3,1955,1.9,suburban,3,true,true,city,1932,29240,7.5,4.0,1.0,0.7,137729,4381,99,oil,central,basement,metal,2,7/30/2021,910688,11/16/2020,3000
190,townhouse,869,1,3,2005,9.4,urban,1,true,true,ocean,2022,29825,1.8,1.1,6.5,5.0,77962,4543,256,oil,central,crawl space,tile,4,6/30/2022,523206,6/24/2021,1600
191,house,3657,6,2,2014,9.9,rural,2,false,false,mountain,1924,31794,7.9,5.2,4.6,0.2,34440,1424,68,oil,window,crawl space,asphalt,1,7/13/2021,769766,12/7/2021,2300
192,townhouse,2956,2,4,1982,7.9,urban,1,true,false,mountain,2012,44630,7.5,0.4,0.9,1.2,131543,4864,405,gas,central,slab,tile,8,12/18/2022,57509,12/5/2022,0
193,apartment,2103,3,2,1978,0.3,rural,2,true,false,city,2009,5429,2.4,7.7,5.5,6.0,83953,4190,360,oil,none,crawl space,metal,5,4/4/2022,996570,12/20/2021,18200
194,townhouse,3189,2,3,1924,3.8,urban,0,true,true,city,1904,42970,4.0,2.9,4.4,5.2,122113,4688,294,gas,central,crawl space,asphalt,3,4/9/2020,610250,9/30/2020,1300
195,house,3125,6,1,1978,7.3,urban,0,false,false,ocean,1990,42442,7.6,8.7,8.2,9.8,107760,3846,387,electric,none,basement,asphalt,4,9/15/2021,237732,10/2/2021,400
196,house,1339,4,3,1953,2.1,urban,1,false,true,mountain,1921,26414,1.1,2.2,0.6,6.0,25855,2714,226,gas,window,basement,tile,8,10/12/2020,893552,3/4/2022,3200
197,house,2706,6,4,1962,5.7,suburban,2,false,true,city,1938,38518,7.2,6.0,3.2,7.6,141695,598,451,gas,central,crawl space,asphalt,7,7/27/2022,973112,11/14/2021,2400
198,apartment,640,1,4,2012,6.8,urban,2,false,true,ocean,1962,39230,0.8,3.4,7.4,4.3,76482,2693,314,electric,central,crawl space,metal,5,1/18/2020,214853,7/10/2021,400
199,apartment,3493,4,1,2018,4.3,suburban,2,true,false,mountain,1970,28360,9.3,9.9,3.4,2.5,58330,4372,354,oil,central,crawl space,asphalt,10,5/29/2021,191024,5/17/2020,500
200,apartment,3050,2,1,1961,7.0,rural,2,false,true,ocean,1948,16865,6.3,5.9,0.3,3.0,78116,1930,458,oil,central,basement,tile,4,5/3/2021,231866,11/7/2022,1200
201,apartment,985,2,2,1920,3.4,suburban,2,false,false,city,1988,49042,1.3,8.1,7.7,3.0,94047,3566,399,electric,window,basement,asphalt,8,3/15/2021,967520,4/1/2022,1800
202,condo,2349,2,4,1926,8.9,rural,0,false,false,mountain,1928,14065,6.4,0.5,6.7,6.1,112853,4811,196,electric,central,crawl space,tile,7,4/30/2021,430420,5/21/2021,2900
203,apartment,4872,1,4,1955,7.0,rural,3,false,true,mountain,1941,25474,5.0,8.1,7.6,6.5,128621,1702,313,gas,window,basement,tile,7,11/8/2020,878775,2/14/2020,3300
204,house,507,6,1,1903,3.3,rural,3,true,false,ocean,1918,40846,5.0,4.2,1.7,8.2,81013,1122,296,gas,none,basement,metal,10,1/17/2022,312724,5/27/2020,600
205,house,3107,3,3,2015,1.0,urban,0,true,true,mountain,1923,36433,0.6,1.5,1.4,9.5,71455,4760,203,oil,none,crawl space,metal,6,9/26/2020,621026,12/23/2021,1600
206,house,4206,5,4,1992,0.2,rural,3,true,false,ocean,1958,7953,2.3,8.7,3.8,6.8,148391,1524,117,gas,window,slab,metal,9,4/27/2022,69377,3/24/2021,700
207,house,4812,3,2,1939,0.1,rural,1,false,false,mountain,1913,7061,6.2,6.9,7.7,0.4,49079,982,130,gas,none,basement,metal,9,3/13/2020,856178,2/20/2021,12000
208,townhouse,3989,6,2,2010,5.3,suburban,0,false,false,ocean,1922,17480,3.4,6.0,9.7,8.3,99494,3894,118,electric,central,crawl space,asphalt,7,11/5/2022,395427,6/8/2020,2100
209,townhouse,1542,3,3,1992,8.0,suburban,3,false,false,city,1989,5061,0.9,1.6,9.7,5.6,46426,2680,63,gas,none,slab,tile,6,12/4/2022,530191,11/29/2022,10300
210,townhouse,4016,5,4,1906,2.9,urban,1,true,false,mountain,1935,14225,3.6,0.7,1.7,5.3,98818,3447,222,gas,central,basement,asphalt,1,7/17/2020,324960,11/24/2021,2100
211,house,3301,3,3,1948,4.0,rural,1,true,true,city,2005,22931,0.6,5.7,1.4,8.5,126741,1281,363,oil,window,crawl space,metal,10,3/28/2020,536887,3/6/2022,2200
212,apartment,2653,2,3,1958,6.4,urban,3,false,true,mountain,1906,4689,3.9,3.7,1.9,5.8,53151,3581,209,electric,central,slab,asphalt,4,1/5/2020,912388,7/8/2021,19300
213,condo,4583,3,4,2019,8.8,rural,3,false,true,city,1930,36397,2.3,5.6,3.9,3.7,97689,1428,375,gas,central,slab,asphalt,7,7/21/2021,819965,7/15/2021,2100
214,apartment,515,6,4,1921,4.8,urban,0,false,true,mountain,1924,28672,2.5,5.2,4.3,5.2,148898,4303,75,oil,central,slab,asphalt,3,4/22/2022,210937,7/25/2020,600
215,apartment,671,5,4,1917,4.6,suburban,0,false,true,city,1900,20088,1.8,8.6,1.7,3.7,82571,4497,298,oil,central,basement,metal,4,9/22/2020,197802,4/18/2020,800
216,townhouse,1455,2,2,1947,9.6,rural,2,true,true,ocean,1916,18516,6.8,3.7,2.4,3.1,48492,977,459,oil,central,slab,metal,6,6/12/2020,648835,2/13/2021,3400
217,apartment,967,1,4,1975,4.6,rural,1,true,false,ocean,1912,13715,1.0,6.4,3.9,5.5,28431,3553,415,electric,window,basement,metal,10,9/28/2021,417656,7/10/2022,2900
218,house,4287,4,4,1928,3.9,urban,3,false,true,mountain,1923,4662,3.0,5.9,9.5,1.6,79524,1232,424,oil,none,basement,tile,8,8/26/2021,988427,5/13/2021,21100
219,condo,3266,6,2,1960,8.6,urban,2,true,true,mountain,1931,23650,7.2,2.1,0.4,1.2,32429,915,127,oil,window,basement,metal,7,10/11/2022,109494,6/25/2020,300
220,house,968,5,1,1920,6.3,urban,0,true,true,mountain,1995,28193,2.8,6.6,0.8,7.2,143643,3694,335,electric,central,slab,tile,8,4/18/2022,562536,6/23/2020,1800
221,house,1590,6,4,1955,3.6,rural,3,true,false,ocean,2001,13838,0.1,8.7,9.6,8.5,111286,1889,442,electric,window,crawl space,tile,2,9/18/2022,514693,3/25/2022,3600
222,condo,2207,5,1,1977,9.8,urban,2,false,false,mountain,1901,38134,4.9,9.1,5.0,2.6,34175,1650,293,electric,window,basement,metal,1,9/29/2022,558139,12/6/2021,1300
223,house,2247,2,2,1949,4.7,rural,1,false,true,ocean,1925,40502,0.6,3.1,7.7,9.2,143841,790,269,electric,window,basement,metal,1,1/2/2022,297243,9/21/2021,600
224,condo,2320,2,2,1974,5.0,suburban,2,true,false,city,1962,47506,9.1,6.8,1.9,2.5,86184,4941,306,gas,central,basement,metal,7,9/8/2020,858176,7/3/2020,1700
225,condo,3613,1,1,1915,6.7,urban,2,true,false,mountain,2016,25606,5.1,6.7,8.9,6.0,147166,4572,339,electric,central,crawl space,metal,9,2/17/2021,616289,6/3/2022,2300
226,townhouse,3706,4,4,1997,6.4,rural,0,false,true,city,1957,21113,5.1,6.6,9.3,2.3,138122,3723,216,gas,window,basement,asphalt,5,4/8/2022,872154,4/15/2021,4000
227,apartment,2939,2,2,1926,2.6,rural,0,false,false,city,1950,45560,1.9,2.2,4.1,8.3,88183,1278,65,gas,window,crawl space,metal,10,2/9/2021,615084,3/18/2022,1200
228,condo,2307,2,1,2006,9.7,urban,2,false,true,mountain,1967,7621,5.9,4.5,9.7,8.5,139151,3170,81,electric,none,slab,asphalt,10,8/28/2021,283898,10/11/2020,3600
229,townhouse,2743,5,4,1914,4.1,rural,3,false,true,ocean,2021,28032,5.9,8.0,7.1,9.1,98135,3625,258,electric,window,slab,tile,1,5/27/2021,928867,8/18/2022,3200
230,townhouse,4535,6,1,1995,5.7,rural,1,false,true,city,1972,24991,1.0,5.7,1.4,4.8,117781,2476,186,gas,window,slab,metal,6,4/22/2021,644710,2/2/2020,2400
231,house,4072,2,4,1946,9.4,suburban,0,true,false,ocean,1902,10395,8.4,0.6,0.7,8.3,142557,979,371,electric,central,crawl space,tile,6,10/10/2022,222927,7/20/2021,2000
232,house,3068,2,1,1939,1.8,suburban,1,false,true,mountain,1989,1784,5.5,6.5,9.3,9.3,113136,1784,305,gas,central,crawl space,tile,3,10/7/2021,360767,3/8/2021,20100
233,townhouse,1875,2,3,1920,7.6,rural,3,false,true,mountain,1931,5648,3.3,5.8,5.0,4.4,79628,3622,322,oil,central,crawl space,metal,9,1/11/2021,494531,5/17/2021,8600
234,condo,4000,4,1,1987,9.5,rural,3,true,false,city,1990,46410,8.9,3.5,8.6,6.8,73667,1213,246,gas,central,crawl space,metal,8,10/4/2020,213719,11/30/2022,300
235,apartment,1239,4,3,1990,3.2,rural,2,true,false,city,2004,26199,9.7,6.8,9.6,10.0,67656,1318,362,gas,window,crawl space,asphalt,3,1/11/2022,789446,5/11/2022,2900
236,house,1519,6,2,1994,7.4,rural,0,true,true,ocean,1929,40074,1.2,2.1,8.6,6.7,45754,2890,451,oil,central,crawl space,asphalt,3,3/23/2020,343545,4/16/2020,700
237,townhouse,3995,5,1,1931,6.7,suburban,1,true,true,mountain,1984,43442,7.7,8.6,9.2,8.9,43240,3102,233,electric,none,crawl space,metal,8,10/3/2022,616666,5/5/2022,1300
238,house,3355,4,1,2012,9.3,suburban,2,false,true,ocean,1922,3388,0.4,6.0,6.2,2.8,24449,1956,479,electric,central,basement,asphalt,1,11/9/2021,109782,5/14/2020,3100
239,condo,3501,2,3,2006,0.9,suburban,3,false,false,mountain,1938,5098,4.5,4.3,8.8,3.2,41604,2056,202,electric,none,basement,tile,1,2/19/2022,662710,12/29/2021,12800
240,house,3027,5,3,1965,1.3,suburban,1,false,true,mountain,1901,25169,2.0,5.2,3.6,3.9,132301,1886,114,electric,window,crawl space,asphalt,6,3/20/2020,435774,11/1/2021,1600
241,condo,4806,1,2,1953,5.7,suburban,1,true,false,ocean,2007,2939,8.5,7.7,1.0,6.2,49959,786,283,electric,none,slab,metal,9,11/30/2020,901400,8/19/2022,30500
242,house,1843,1,3,1938,8.9,suburban,3,false,true,ocean,1981,30703,0.4,5.0,2.3,0.9,130897,820,201,electric,central,crawl space,metal,5,2/16/2020,631859,11/8/2020,1900
243,condo,4764,5,4,2012,1.0,suburban,3,false,true,mountain,1932,26945,1.7,6.1,2.5,7.3,24075,679,169,gas,window,crawl space,asphalt,10,11/22/2021,903585,5/21/2020,3200
244,condo,580,2,4,1966,1.3,suburban,1,false,false,city,1921,6600,9.6,2.3,1.8,2.0,103443,4237,189,gas,central,basement,metal,9,3/23/2020,734449,3/26/2021,11000
245,apartment,2628,6,4,2013,4.6,suburban,3,false,true,city,1972,12037,1.0,2.1,3.0,9.8,131481,4214,86,gas,none,slab,asphalt,10,1/5/2020,724612,7/24/2022,5900
246,house,2305,4,4,1938,0.9,rural,3,true,true,mountain,2000,4189,0.5,8.4,1.8,0.9,147241,3774,251,electric,window,slab,asphalt,5,7/29/2020,417569,2/18/2022,9800
247,house,4132,5,1,1988,6.1,rural,3,false,false,mountain,1925,34402,0.5,8.6,0.9,6.1,31434,3810,334,oil,window,crawl space,metal,10,2/22/2021,214056,3/3/2021,500
248,apartment,712,4,2,2002,6.9,suburban,1,true,false,ocean,1941,38368,6.1,1.6,0.1,1.2,22452,2500,271,oil,none,crawl space,metal,1,8/7/2022,494386,1/1/2021,1100
249,townhouse,716,6,1,1985,8.2,urban,2,true,true,city,1921,13971,5.4,0.5,6.6,0.8,111287,3896,264,oil,none,slab,tile,6,2/17/2020,640081,3/20/2021,4400
250,apartment,1323,2,3,1979,9.8,rural,1,true,true,city,1960,22246,7.6,8.3,4.8,8.0,70545,2690,59,oil,window,crawl space,asphalt,9,3/30/2022,211861,2/15/2022,800
251,townhouse,4093,2,1,1971,2.5,suburban,3,false,false,city,1976,31896,6.6,3.5,2.7,7.8,97117,618,433,oil,central,slab,tile,6,3/4/2020,427705,3/15/2021,1200
252,house,4481,2,1,1989,1.4,urban,1,false,false,mountain,1910,9197,6.3,8.8,6.6,7.4,90269,2065,368,gas,window,crawl space,tile,6,8/15/2022,109115,6/3/2022,1000
253,house,4128,3,2,1977,3.4,rural,1,true,false,ocean,1980,9171,2.6,3.1,8.5,9.0,55932,1409,301,electric,none,slab,tile,6,2/26/2020,288514,10/7/2020,3000
254,condo,3665,5,1,1961,9.8,rural,3,false,false,city,1991,20505,2.2,0.4,2.9,2.4,140871,1849,397,electric,none,crawl space,metal,1,11/12/2020,974295,3/18/2022,4600
255,apartment,4833,4,1,1949,6.9,urban,1,true,true,city,1924,39292,1.5,7.5,2.6,0.2,132694,889,236,electric,window,crawl space,asphalt,6,11/10/2021,166689,3/16/2022,300
256,townhouse,1945,2,2,1974,5.1,urban,2,true,true,ocean,1961,39214,0.1,6.3,6.5,4.6,122178,1360,347,gas,central,slab,tile,7,7/8/2022,855915,9/13/2021,2000
257,house,3175,4,4,1908,8.6,suburban,3,true,false,city,1944,25397,8.8,8.0,3.0,2.7,27029,981,384,electric,central,crawl space,tile,3,4/22/2020,426662,3/10/2022,1500
258,condo,3643,2,1,1902,7.7,rural,1,true,false,ocean,1902,18377,1.9,0.2,6.0,3.8,102591,2140,170,oil,window,crawl space,metal,1,4/27/2022,583904,3/5/2020,3000
259,condo,1343,4,1,1934,4.3,urban,3,true,false,city,1940,48876,3.7,9.6,4.9,5.4,93381,3542,383,oil,window,slab,metal,6,12/12/2022,497867,4/1/2022,900
260,apartment,2890,2,2,1905,7.8,urban,0,false,false,mountain,1949,8383,1.1,2.8,5.2,1.2,138837,3754,73,gas,window,basement,metal,3,5/6/2020,424324,6/9/2021,4900
261,townhouse,2781,6,4,2005,8.7,rural,3,false,false,mountain,1956,33348,0.4,7.2,2.3,5.8,79470,2219,479,electric,window,slab,metal,8,1/10/2022,880055,6/21/2022,2500
262,townhouse,970,5,3,1925,1.7,rural,3,false,false,mountain,1913,5355,0.2,4.3,8.6,2.3,144044,3957,243,gas,none,slab,tile,1,2/24/2022,720454,5/31/2020,13300
263,apartment,3000,1,1,2017,0.7,urban,0,false,false,ocean,2015,23588,0.4,0.9,0.5,3.3,51423,3361,76,electric,none,basement,asphalt,2,11/22/2022,264852,3/24/2020,1000
264,house,1585,6,3,1973,6.3,suburban,0,false,true,city,1933,9755,6.5,9.9,4.2,1.7,79610,638,468,oil,none,crawl space,metal,9,8/30/2022,663856,7/21/2022,6700
265,apartment,1531,6,2,1987,2.1,rural,2,true,false,ocean,1938,40068,3.5,8.1,4.7,5.8,60117,3718,353,oil,none,slab,asphalt,5,9/21/2020,674286,8/5/2020,1500
266,apartment,4832,1,2,1972,5.4,rural,2,false,true,city,2011,3627,5.9,9.7,8.1,3.7,75349,644,238,gas,central,basement,asphalt,1,5/14/2020,583569,6/7/2020,15900
267,townhouse,1195,3,3,1985,9.4,rural,3,true,false,mountain,1933,1652,3.5,6.3,7.6,7.3,112478,3302,159,gas,central,basement,asphalt,6,10/23/2022,992263,11/20/2021,59900
268,apartment,2051,3,3,2001,3.4,suburban,2,true,true,city,1909,21488,5.7,8.4,1.0,2.2,34360,3525,118,oil,window,slab,tile,10,8/6/2021,417109,2/8/2020,1800
269,apartment,1569,4,2,2004,4.7,suburban,3,false,true,mountain,1981,19605,4.0,0.5,10.0,2.4,23332,4669,108,gas,window,crawl space,asphalt,1,12/6/2021,443721,4/2/2021,2100
270,apartment,2635,5,3,1927,6.3,rural,1,false,true,ocean,1956,26434,1.8,2.0,7.3,1.2,89273,3551,359,electric,none,basement,metal,3,6/8/2021,761565,2/25/2021,2700
271,apartment,1841,5,3,1948,5.2,urban,0,true,true,mountain,1999,21330,0.2,3.5,4.5,8.2,116754,3990,214,electric,none,slab,asphalt,3,1/26/2021,298043,6/5/2021,1200
272,house,3738,6,4,1949,9.2,urban,2,true,true,city,1919,12320,9.7,3.9,4.5,6.0,49551,1439,370,electric,none,basement,tile,3,2/9/2020,120759,1/21/2022,800
273,townhouse,1501,2,2,1938,9.4,urban,1,false,true,city,1946,33145,7.3,7.3,5.7,7.8,142966,3583,495,gas,central,slab,tile,6,3/6/2020,355412,7/4/2020,900
274,townhouse,2345,4,2,2020,1.6,urban,3,false,false,mountain,1996,37370,8.0,1.0,2.0,3.0,58583,3351,274,electric,none,basement,asphalt,9,6/7/2021,243108,3/12/2020,500
275,condo,3585,6,3,1915,0.6,suburban,0,false,false,mountain,1940,42081,3.1,5.6,7.4,6.0,88863,887,246,electric,window,crawl space,tile,6,7/12/2020,900911,10/8/2021,2000
276,house,746,5,3,1957,0.4,rural,3,true,true,city,2001,21043,2.1,8.6,1.8,1.8,116604,4052,426,gas,none,crawl space,tile,8,12/12/2021,697888,7/4/2021,3200
277,apartment,2997,4,4,1958,7.1,urban,2,true,true,city,1958,27263,4.9,9.9,0.4,4.4,89847,3515,298,oil,none,crawl space,asphalt,4,2/25/2022,402962,10/27/2020,1300
278,condo,3265,1,3,1998,8.7,suburban,2,true,true,city,1960,24002,2.8,0.9,1.9,1.0,34325,4024,466,electric,none,crawl space,asphalt,1,8/9/2020,257146,3/14/2021,900
279,house,3776,6,4,1943,5.2,urban,3,true,true,city,1960,16961,1.9,3.1,6.0,6.4,98268,1070,151,oil,central,crawl space,tile,4,5/29/2022,937564,1/9/2020,5400
280,townhouse,4968,1,2,1916,6.6,urban,1,false,false,city,1993,19589,9.7,3.1,3.2,9.1,110225,1928,265,gas,window,slab,asphalt,9,1/13/2020,499820,2/3/2021,2400
281,townhouse,4382,6,4,1963,5.1,rural,1,true,false,ocean,1949,32183,7.2,2.7,3.8,5.3,60799,4656,230,electric,none,crawl space,tile,8,9/10/2021,139949,6/22/2021,300
282,house,691,3,2,1952,6.0,rural,1,true,false,ocean,1979,11043,7.0,6.7,9.2,6.2,140698,1946,50,oil,none,crawl space,metal,4,3/4/2020,576417,11/20/2022,5100
283,house,506,5,2,1963,7.9,suburban,0,true,true,mountain,1989,7313,3.1,0.9,9.9,5.2,37014,1015,150,electric,none,basement,asphalt,2,10/23/2020,458375,10/16/2021,6100
284,townhouse,4305,6,3,1991,7.8,rural,0,true,true,ocean,1994,26806,1.0,2.0,1.6,4.2,20918,2987,85,gas,window,slab,metal,3,3/25/2022,176757,1/13/2020,500
285,apartment,2846,5,2,1965,6.3,urban,0,false,true,mountain,1934,18750,7.8,8.4,7.7,7.7,126127,2433,235,gas,none,slab,asphalt,8,12/11/2020,859491,4/19/2022,4400
286,apartment,4498,1,1,1902,6.0,suburban,3,true,false,city,1982,28385,0.4,9.4,5.9,9.0,32028,3056,313,oil,none,slab,tile,10,1/12/2020,953375,9/18/2020,3200
287,townhouse,1993,3,1,1965,8.3,rural,3,false,false,ocean,2007,8820,9.8,1.9,6.2,8.0,119544,688,113,gas,none,basement,tile,9,9/27/2021,417833,4/2/2020,4600
288,apartment,966,3,3,1990,3.5,rural,1,true,true,city,1920,14074,0.4,8.3,1.1,5.1,144283,1655,297,gas,none,slab,asphalt,7,1/9/2021,72399,1/22/2021,400
289,apartment,4030,4,3,2002,9.9,urban,3,false,true,mountain,1997,36166,4.1,0.2,10.0,3.3,126671,2909,498,gas,central,basement,asphalt,2,7/13/2020,549413,10/6/2021,1400
290,townhouse,1197,4,3,1977,6.2,suburban,2,true,false,mountain,1920,30977,2.4,4.1,2.2,6.1,99700,3760,61,electric,none,crawl space,metal,7,6/27/2020,294955,3/27/2021,800
291,house,1278,6,3,1972,5.6,urban,3,false,false,ocean,1928,39738,0.3,9.3,5.4,1.7,66075,3516,434,electric,window,slab,metal,6,5/9/2021,763196,7/28/2020,1800
292,condo,2015,3,1,2017,6.8,rural,3,false,true,mountain,1999,24778,3.1,8.7,5.6,1.5,40076,3423,197,electric,window,slab,tile,7,11/11/2022,230053,5/14/2022,800
293,condo,1064,1,1,2016,6.7,urban,3,false,true,ocean,2017,27566,4.1,1.4,5.9,5.9,88001,1541,137,oil,none,basement,tile,2,11/6/2020,405743,8/30/2020,1300
294,apartment,1583,3,1,2009,7.6,rural,2,false,true,mountain,1962,23395,7.2,3.8,5.8,8.4,96640,4646,385,gas,none,crawl space,asphalt,1,2/24/2022,593533,11/2/2020,2400
295,apartment,4342,6,2,1941,6.7,urban,1,false,false,ocean,2009,42480,0.5,8.8,4.1,1.9,40148,2760,139,oil,central,slab,asphalt,4,1/5/2022,736516,2/20/2021,1600
296,townhouse,1198,2,1,1957,4.7,rural,3,false,false,city,1932,11340,1.1,8.5,7.0,7.6,133898,3872,166,electric,none,crawl space,tile,5,9/19/2021,435662,4/15/2021,3700
297,townhouse,725,3,3,1985,1.8,rural,1,false,true,city,1900,12925,1.6,1.3,4.9,9.5,56198,547,79,oil,none,slab,metal,4,5/18/2022,343876,6/27/2022,2500
298,townhouse,2635,1,2,1927,8.1,rural,2,false,true,city,1945,17589,7.3,6.3,3.0,1.8,147307,4629,363,gas,none,basement,metal,5,5/7/2020,280548,2/25/2021,1400
299,apartment,1091,4,4,1971,1.5,rural,0,false,false,mountain,2009,33418,4.2,3.1,5.2,6.0,136984,1789,205,electric,window,basement,tile,8,11/8/2022,471559,2/16/2022,1300
300,apartment,3004,6,4,1938,0.3,rural,2,false,true,ocean,1901,4478,2.5,4.6,9.8,1.9,122445,1543,109,gas,window,slab,tile,9,8/16/2021,385571,12/22/2020,8500
301,apartment,4918,1,4,1977,3.2,rural,2,false,true,city,1969,4903,8.4,8.1,2.0,0.4,46156,4338,403,electric,central,crawl space,tile,8,10/20/2020,176507,11/28/2020,3400
302,house,3586,3,4,1939,0.6,urban,3,false,false,ocean,1991,23777,6.9,7.8,9.8,3.7,68054,3459,297,electric,window,basement,metal,8,12/14/2021,251770,4/25/2020,900
303,townhouse,4895,6,2,1995,9.3,suburban,2,true,false,ocean,1936,8315,2.4,4.2,3.3,8.3,86933,2686,223,oil,window,slab,asphalt,5,10/22/2022,662371,9/25/2020,7800
304,apartment,3372,3,2,1918,8.4,rural,1,true,false,mountain,1906,8751,0.2,6.5,1.7,7.1,48659,3458,281,electric,none,basement,metal,4,1/8/2020,831330,1/31/2021,9300
305,apartment,3856,3,4,1961,8.5,rural,2,false,false,mountain,1986,47415,3.9,2.4,2.7,0.2,149702,523,420,oil,central,slab,asphalt,8,11/12/2022,873827,3/19/2022,1700
306,condo,1320,1,4,1993,7.0,rural,3,true,true,city,1956,14150,5.5,2.9,2.6,0.4,92609,1044,421,electric,central,slab,asphalt,6,6/22/2021,62085,9/7/2021,300
307,apartment,3770,2,2,1956,2.0,suburban,2,true,false,ocean,1955,49210,4.9,1.9,2.7,1.1,38291,2712,119,oil,window,crawl space,metal,5,8/2/2020,440684,7/1/2022,700
308,house,4405,1,3,1932,0.2,rural,3,true,true,city,1921,48289,3.9,1.8,2.3,4.5,54315,4708,480,gas,central,basement,asphalt,1,12/28/2022,106678,5/28/2021,100
309,house,4906,6,3,2007,7.5,suburban,0,false,true,city,2017,35088,4.9,4.9,3.9,8.6,66558,3222,351,electric,none,crawl space,tile,7,3/31/2021,424946,9/30/2020,1100
310,townhouse,2012,4,4,1906,7.2,suburban,0,false,false,ocean,1996,20302,2.7,2.3,6.9,5.0,58883,2489,328,gas,window,basement,tile,10,12/16/2020,972303,12/4/2020,4600
311,house,3770,3,2,1929,8.7,rural,0,true,true,city,1923,37807,5.4,6.0,1.1,0.7,69678,4934,317,oil,none,basement,tile,8,9/6/2020,791073,9/12/2020,1900
312,house,4464,6,2,1967,7.8,rural,1,true,false,city,1951,44344,4.3,4.6,2.8,8.7,140648,2267,414,electric,window,slab,asphalt,10,5/10/2020,625755,9/10/2021,1300
313,condo,2237,3,3,1941,9.6,urban,2,false,true,ocean,1947,13302,9.0,8.1,5.8,4.8,148703,1939,268,oil,none,crawl space,asphalt,6,3/10/2020,821285,10/26/2022,6000
314,house,4037,2,3,2004,3.2,suburban,1,false,true,city,1996,26971,9.2,5.1,6.1,6.2,41203,4669,363,oil,window,slab,tile,6,12/9/2022,990804,10/1/2021,3500
315,house,1912,2,4,1994,0.8,rural,3,true,false,city,1920,44810,1.5,5.5,4.7,9.6,63908,2820,494,electric,window,slab,tile,5,5/3/2021,500238,4/3/2020,1000
316,apartment,4465,4,2,1911,2.7,urban,2,false,false,ocean,1916,44204,1.8,4.1,3.7,5.9,87098,4253,371,gas,window,crawl space,asphalt,4,7/4/2020,119151,11/23/2022,100
317,condo,3577,4,2,2006,7.5,rural,3,true,false,ocean,1938,22711,6.6,3.5,0.3,9.7,27266,1280,288,oil,central,slab,asphalt,8,10/30/2022,304323,5/11/2021,1200
318,house,532,5,3,1910,6.9,urban,2,false,true,mountain,1963,41648,9.1,5.5,2.4,1.9,90918,1548,207,electric,central,crawl space,metal,2,6/24/2020,347586,2/9/2022,700
319,townhouse,3890,3,1,1990,2.7,rural,0,true,false,mountain,1930,16844,8.6,9.8,9.0,8.8,63833,1271,267,gas,central,basement,metal,6,3/24/2020,841195,4/13/2020,4800
320,house,1015,4,2,2005,2.1,suburban,3,false,false,city,1940,39122,3.4,3.3,9.6,7.3,69466,621,233,oil,window,basement,tile,10,7/23/2020,118982,9/9/2021,200
321,apartment,1096,1,1,1969,9.8,rural,3,false,false,ocean,1900,48850,2.3,5.7,3.7,4.2,79686,640,170,gas,none,slab,tile,4,4/2/2021,261074,8/15/2021,400
322,house,984,4,2,1974,3.3,urban,2,true,true,ocean,1923,46067,1.6,9.7,2.5,7.2,20631,1695,203,electric,central,basement,metal,4,4/1/2021,780191,9/19/2021,1500
323,apartment,682,1,4,1977,7.3,rural,0,true,false,mountain,1919,13595,4.3,2.5,6.9,5.6,112563,810,111,gas,window,crawl space,tile,2,7/23/2022,199185,7/28/2020,1300
324,apartment,4997,4,4,1999,4.7,rural,1,false,true,ocean,1998,24935,4.9,10.0,6.6,5.5,94633,2376,125,gas,none,crawl space,asphalt,6,2/3/2020,238731,3/23/2022,800
325,townhouse,3253,5,3,2014,2.9,urban,1,true,true,city,2006,32491,5.0,6.2,5.0,0.4,54785,2952,433,oil,none,basement,asphalt,10,10/26/2020,264069,3/14/2022,700
326,condo,4914,4,1,1940,1.9,urban,3,false,false,ocean,1947,46176,7.4,4.5,8.9,8.4,84182,768,244,oil,none,basement,asphalt,8,8/22/2021,119820,9/4/2020,100
327,townhouse,4523,5,1,1936,1.7,urban,2,false,false,ocean,2013,15536,8.6,1.9,9.6,0.7,137697,2750,87,oil,none,slab,asphalt,4,4/16/2020,264101,4/22/2021,1500
328,condo,2451,6,4,2009,4.6,suburban,0,true,false,ocean,1955,21239,9.6,2.8,2.7,4.9,78106,3423,409,electric,central,basement,tile,8,6/20/2020,633517,2/19/2020,2800
329,condo,1506,2,2,1952,6.5,suburban,3,false,true,mountain,1902,17512,4.2,3.5,0.4,5.7,95656,813,467,oil,none,crawl space,metal,3,11/11/2021,528772,4/30/2022,2900
330,apartment,1860,6,3,1934,6.2,urban,3,true,false,city,1969,28038,3.0,2.3,0.2,1.7,72783,1431,217,electric,none,slab,tile,2,2/14/2021,132239,6/21/2020,300
331,condo,3219,4,1,1925,4.2,rural,1,false,true,city,1988,36789,2.6,9.6,1.9,8.8,76577,4312,139,gas,none,slab,asphalt,6,6/24/2020,284787,1/3/2020,600
332,house,3402,6,2,1929,3.0,suburban,0,true,false,city,1959,9110,7.7,3.0,6.9,4.9,32809,2182,457,electric,none,crawl space,tile,2,4/29/2021,206007,7/20/2021,2100
333,condo,1426,4,4,1981,2.4,suburban,2,true,false,ocean,1932,41575,2.6,4.2,7.3,4.2,147890,895,479,gas,window,crawl space,asphalt,6,6/11/2022,834985,12/3/2022,1900
334,house,2051,5,1,1950,9.8,rural,1,false,false,mountain,1904,1962,0.9,5.6,9.7,9.7,129566,3431,321,electric,central,basement,asphalt,3,5/24/2020,663336,5/16/2022,33700
335,townhouse,1122,2,4,1926,0.2,suburban,2,true,false,city,2001,33248,6.1,6.1,1.2,2.2,122207,3412,84,electric,none,slab,metal,6,12/12/2020,391462,7/21/2020,1000
336,apartment,3720,6,4,1979,9.0,suburban,1,false,false,city,1951,39473,4.2,5.1,0.7,6.0,107568,1599,305,gas,central,crawl space,metal,2,6/2/2022,606847,11/19/2022,1400
337,townhouse,3375,6,2,2003,6.5,suburban,2,false,false,mountain,1929,11047,9.9,5.6,2.2,2.2,29122,730,110,electric,none,crawl space,tile,9,4/10/2020,681443,2/25/2021,6000
338,condo,2534,4,2,1950,9.0,suburban,2,false,false,mountain,1913,27758,1.8,8.3,4.0,0.5,101869,3630,434,electric,central,crawl space,metal,4,1/9/2022,271383,4/6/2020,800
339,house,2657,2,4,1905,5.2,urban,3,false,true,city,1993,25870,1.6,4.3,2.9,7.5,38240,2445,181,oil,none,slab,tile,7,6/2/2020,456066,7/9/2022,1600
340,house,1857,1,3,1977,2.8,urban,0,true,false,city,1918,6066,1.4,6.5,7.3,6.4,124723,4462,198,electric,none,crawl space,metal,8,12/2/2020,789554,1/28/2022,12900
341,apartment,4176,6,4,1906,0.4,urban,3,false,true,ocean,1962,5431,4.9,5.6,5.0,9.2,149734,3616,376,oil,none,slab,tile,9,4/21/2021,195264,3/29/2022,3400
342,townhouse,972,1,2,1980,7.2,rural,0,false,true,city,1930,48607,6.0,6.4,0.8,0.3,56781,3347,124,electric,none,slab,asphalt,3,9/5/2022,725381,1/10/2020,1300
343,townhouse,3645,4,1,1989,2.6,rural,0,false,true,mountain,1960,8034,8.9,0.6,6.7,6.9,110529,3119,329,oil,central,slab,metal,2,11/15/2021,242790,4/4/2022,2900
344,apartment,1159,4,3,1932,2.5,rural,0,false,true,ocean,1952,39959,1.3,5.0,9.1,1.4,127807,4573,219,electric,none,basement,tile,6,12/6/2021,591676,10/13/2020,1300
345,condo,1911,5,2,1919,6.6,suburban,2,true,true,city,1986,25179,6.9,9.1,2.8,5.8,76673,738,298,gas,none,crawl space,tile,4,4/30/2020,505645,8/13/2020,1900
346,apartment,2808,6,3,2014,9.3,suburban,3,false,true,ocean,1974,47514,7.1,9.8,5.7,4.8,132472,1614,101,gas,none,basement,asphalt,2,6/8/2022,718754,12/19/2020,1400
347,condo,3082,3,2,1945,3.4,suburban,1,false,true,mountain,1916,25546,1.7,0.4,5.0,7.8,85504,2424,350,oil,none,slab,metal,1,3/14/2020,526644,3/27/2021,1900
348,house,3728,6,4,2004,1.2,rural,2,false,true,city,1984,14537,5.6,8.5,2.0,6.5,93999,4064,129,gas,central,basement,tile,8,9/22/2021,155081,6/12/2022,900
349,townhouse,4347,4,3,2000,4.2,urban,0,false,true,city,1935,27248,7.3,6.7,4.8,7.8,124602,4780,221,oil,central,crawl space,tile,1,11/16/2022,225233,6/21/2021,700
350,house,636,4,1,1950,0.4,urban,2,false,false,mountain,2010,22730,5.6,3.4,1.9,6.2,82822,800,485,gas,central,slab,tile,2,8/12/2020,280383,3/8/2021,1100
351,apartment,1826,6,4,1993,7.7,urban,1,true,true,ocean,1907,14055,8.0,7.5,7.1,9.6,134074,2303,94,electric,none,slab,asphalt,2,7/25/2021,184034,4/20/2020,1200
352,condo,3191,4,1,2012,6.6,suburban,3,true,true,mountain,1956,15349,3.6,1.8,2.7,8.4,40125,3583,205,electric,window,crawl space,asphalt,3,7/30/2021,277335,9/22/2022,1700
353,townhouse,4499,4,3,1931,4.5,rural,2,true,true,ocean,1970,5359,7.7,8.3,1.8,5.4,122003,3457,447,oil,window,slab,asphalt,2,5/24/2022,228905,7/16/2020,4100
354,condo,2181,6,2,1992,4.1,urban,2,true,false,mountain,1954,10654,3.4,6.1,5.8,8.8,26395,3686,464,oil,window,crawl space,metal,6,6/16/2020,548659,1/26/2022,5000
355,house,2038,1,4,1937,1.3,suburban,0,false,true,mountain,1973,3601,9.4,2.0,2.4,8.3,94155,2582,264,gas,window,slab,metal,3,4/6/2021,141990,8/14/2020,3800
356,house,3434,5,1,2019,9.0,rural,2,true,false,mountain,1961,22801,7.6,9.1,8.4,6.8,24538,2407,145,electric,window,basement,metal,9,9/15/2021,940112,9/2/2021,4000
357,townhouse,1701,5,2,1918,8.8,urban,2,true,false,city,2016,4651,8.2,2.4,2.8,4.4,46264,2174,221,oil,none,basement,metal,9,4/11/2020,675188,4/30/2021,14400
358,house,3479,6,1,1949,1.8,rural,2,false,true,mountain,2008,18446,3.9,9.8,0.3,6.2,138863,2585,353,electric,central,basement,asphalt,7,4/8/2021,896197,4/26/2022,4700
359,townhouse,4947,5,4,1903,9.8,rural,1,false,true,mountain,1929,29488,3.0,8.6,7.4,7.7,149927,1880,456,oil,none,crawl space,tile,3,11/5/2022,72240,3/31/2022,100
360,townhouse,1721,6,1,1952,3.2,suburban,1,false,true,city,1968,47047,3.6,6.0,0.5,8.3,114468,1815,443,oil,central,slab,metal,2,8/28/2021,264419,5/16/2020,400
361,condo,2158,4,3,1909,4.1,suburban,0,true,true,city,1983,6275,2.4,9.4,9.0,0.2,36795,4367,465,gas,none,slab,metal,7,7/7/2020,540714,11/12/2022,8500
362,condo,2349,1,3,1932,1.2,urban,1,true,true,city,1962,25680,7.4,1.4,1.8,5.7,98705,3178,121,gas,window,slab,metal,5,1/28/2022,748528,4/9/2022,2800
363,condo,1364,1,3,1930,2.8,urban,2,false,false,ocean,1965,22211,7.4,7.3,0.8,2.5,49423,4195,175,oil,none,basement,metal,5,8/2/2020,313352,8/24/2021,1300
364,house,3910,1,1,1949,4.1,suburban,3,false,true,city,2014,13776,0.7,9.6,7.3,0.9,133950,4757,485,gas,none,basement,metal,8,10/27/2022,333722,5/1/2021,2300
365,house,4615,6,4,1983,6.5,suburban,3,false,true,city,1911,11106,5.3,4.1,0.4,9.3,96954,2096,403,gas,window,crawl space,metal,9,11/19/2020,960294,9/19/2020,8500
366,condo,4248,2,4,2019,1.8,suburban,2,true,true,mountain,1922,8893,8.9,6.4,8.5,5.6,80277,2195,188,gas,central,crawl space,tile,3,8/10/2021,652739,4/2/2020,7200
367,apartment,3457,1,3,1921,0.5,suburban,0,true,false,city,1909,19382,7.0,8.3,9.2,2.4,64329,4818,399,gas,window,basement,tile,8,3/3/2020,963371,12/11/2020,4800
368,house,1625,3,3,1995,9.2,urban,3,true,true,city,1948,28460,6.8,8.8,4.5,6.8,62112,2829,379,oil,central,basement,asphalt,9,3/17/2020,518336,5/1/2020,1700
369,townhouse,4787,5,2,1921,3.5,urban,0,true,false,mountain,2009,9988,9.0,5.0,1.0,8.8,61722,4320,239,electric,window,crawl space,asphalt,7,10/19/2020,334168,8/26/2021,3200
370,townhouse,2417,2,2,2001,2.6,urban,1,true,true,city,1942,28171,3.6,4.3,3.6,5.0,76253,1273,199,oil,window,basement,metal,9,9/7/2020,424664,10/25/2020,1400
371,house,1986,3,4,1930,9.6,urban,1,false,true,ocean,1924,35281,2.1,8.7,7.9,4.3,50917,1858,381,gas,window,slab,tile,9,2/10/2021,225137,9/23/2020,500
372,house,556,4,3,1962,3.3,rural,3,false,false,ocean,1969,31506,3.2,9.5,9.3,7.1,35284,2027,83,electric,none,basement,metal,5,11/8/2022,685198,10/23/2020,2000
373,apartment,4019,6,1,1908,2.8,suburban,0,false,true,mountain,1983,5631,8.5,4.6,5.4,5.1,104721,4035,476,oil,window,slab,tile,2,10/31/2022,154548,12/2/2021,2600
374,apartment,1140,1,4,1923,6.7,suburban,1,true,true,ocean,1915,17774,7.5,4.3,0.8,1.3,133187,1265,297,gas,window,basement,tile,9,11/17/2021,317659,10/8/2020,1600
375,apartment,3104,2,1,1934,6.0,rural,0,false,true,mountain,1986,17887,7.9,2.0,2.3,9.0,126490,4897,499,electric,central,crawl space,metal,2,4/29/2020,230490,3/22/2022,1100
376,house,2158,2,4,1901,6.3,rural,0,false,false,mountain,1969,22253,9.9,6.1,0.5,7.8,85291,4987,319,gas,none,crawl space,tile,2,4/30/2021,566376,6/16/2021,2400
377,house,1534,5,2,1969,9.4,urban,1,true,false,mountain,1951,5056,9.3,0.2,4.0,3.2,80832,2934,87,gas,central,crawl space,asphalt,7,11/9/2022,850622,11/20/2022,16700
378,townhouse,1330,1,4,2017,7.0,urban,2,true,true,mountain,2012,30817,0.5,2.3,6.6,3.1,59741,4139,244,gas,central,basement,asphalt,3,4/1/2021,152154,6/28/2021,300
379,apartment,1358,6,3,1993,5.1,rural,1,false,false,mountain,1994,44955,6.2,0.9,8.8,3.4,93472,2212,317,gas,central,basement,metal,1,9/28/2020,984965,12/7/2021,2000
380,townhouse,3498,3,1,1993,7.3,urban,0,true,true,mountain,1979,12724,6.6,9.7,0.5,3.9,130106,3838,462,gas,none,slab,asphalt,7,8/2/2022,147984,10/27/2022,1000
381,condo,3991,1,2,1953,4.8,urban,2,true,false,city,1988,43553,4.0,3.1,4.5,2.1,88632,2319,430,gas,window,slab,metal,10,3/19/2020,958080,7/3/2022,2000
382,townhouse,2186,4,4,1935,5.2,urban,0,true,false,ocean,2020,34703,2.5,2.0,8.0,6.4,90157,2031,448,electric,none,crawl space,tile,7,1/25/2022,369097,10/28/2021,900
383,condo,2486,6,4,1955,8.7,urban,1,false,false,city,1976,13642,3.3,7.8,3.1,8.6,116141,4899,199,gas,window,slab,asphalt,7,1/22/2020,232308,6/26/2020,1600
384,condo,1184,4,2,1921,2.0,suburban,0,false,false,city,1960,40722,6.8,10.0,0.9,3.4,52698,1616,241,electric,none,crawl space,asphalt,3,8/29/2021,367403,5/31/2021,800
385,apartment,632,1,2,1966,7.0,urban,0,true,false,city,2017,16364,8.4,1.0,1.1,4.1,117632,4902,472,electric,central,crawl space,tile,1,4/28/2022,96592,6/9/2020,400
386,townhouse,1134,6,3,1918,3.2,suburban,0,false,true,city,2022,46622,10.0,2.2,1.8,6.6,20700,1399,281,electric,none,crawl space,asphalt,1,9/20/2022,476230,12/11/2021,900
387,apartment,831,5,4,1975,8.8,suburban,0,true,true,city,1944,2431,7.6,2.0,6.2,6.8,128024,4213,101,gas,none,basement,asphalt,4,1/15/2021,113625,12/1/2020,4500
388,apartment,4232,5,1,1919,5.2,urban,1,false,false,ocean,1972,39747,2.1,5.7,0.9,3.8,112921,4850,362,oil,none,basement,metal,1,9/29/2022,824122,6/5/2021,1900
389,condo,3944,3,4,1925,9.9,urban,3,false,true,mountain,1950,2787,4.6,3.5,8.7,7.5,94776,3741,472,electric,window,basement,tile,9,1/8/2020,817024,2/24/2022,29200
390,house,4755,5,4,1931,6.7,suburban,2,true,true,ocean,2021,6934,8.0,6.9,5.2,2.0,136693,4178,426,electric,central,slab,metal,3,5/18/2020,997986,4/8/2021,14200
391,apartment,1980,3,2,1943,3.1,urban,0,false,false,mountain,1977,5399,4.6,2.8,8.2,9.9,139377,1404,73,oil,window,slab,metal,8,5/3/2020,675012,4/20/2020,12400
392,apartment,1608,3,2,1981,8.2,urban,3,true,true,mountain,1912,12959,9.9,8.4,5.0,6.8,119978,4686,271,oil,none,crawl space,tile,10,8/30/2021,959525,1/29/2021,7300
393,condo,2198,2,2,1924,9.0,suburban,3,false,false,ocean,1958,3638,9.6,6.9,0.7,1.4,69687,2329,250,electric,central,crawl space,metal,3,4/14/2020,858961,8/15/2022,23500
394,townhouse,4163,3,3,1962,6.2,urban,0,true,true,mountain,1960,6468,8.1,1.5,6.3,5.9,47331,3202,261,gas,window,slab,metal,3,9/24/2020,450539,9/11/2020,6800
395,apartment,2635,2,4,2002,9.6,urban,2,true,false,ocean,2016,13798,2.1,3.7,9.0,9.6,29935,898,258,gas,none,basement,tile,9,8/31/2022,85949,9/8/2022,500
396,apartment,1836,2,1,1984,3.0,urban,3,false,false,ocean,2014,29548,5.0,0.3,4.3,9.0,129469,3138,364,gas,central,crawl space,tile,2,11/20/2021,212023,4/11/2020,600
397,apartment,814,1,3,2006,2.0,urban,3,false,false,mountain,1993,24907,5.4,4.6,7.2,1.8,79107,2324,354,electric,window,crawl space,metal,7,9/22/2021,300698,12/13/2022,1100
398,condo,4704,5,2,1980,2.9,suburban,2,false,false,ocean,1983,7905,8.5,5.0,4.8,7.5,128052,4733,147,oil,window,slab,metal,7,7/24/2022,592583,8/17/2022,7300
399,townhouse,2485,1,1,1947,9.5,suburban,1,true,true,ocean,1957,34474,5.9,4.8,4.9,5.0,32378,2103,54,oil,window,crawl space,tile,4,6/9/2022,437421,7/18/2020,1100
400,condo,2694,1,4,1912,6.8,suburban,3,false,false,city,1990,37766,7.2,7.5,8.0,5.6,63301,4967,250,electric,central,basement,tile,2,12/1/2020,692261,12/28/2021,1700
401,apartment,3803,3,4,2012,0.4,urban,0,true,false,ocean,1994,34060,9.7,7.5,1.1,0.4,116852,3647,147,electric,window,crawl space,asphalt,9,12/24/2021,577652,1/9/2022,1500
402,house,2104,4,3,1900,9.0,urban,1,true,true,city,1918,35070,2.1,2.1,6.8,2.0,124080,2678,456,gas,none,basement,asphalt,5,6/21/2021,781602,7/23/2020,2100
403,house,2935,1,4,1906,7.3,suburban,0,false,false,mountain,1964,27207,4.7,4.3,9.4,1.3,93096,2451,183,electric,window,crawl space,tile,9,2/6/2021,98365,12/26/2020,200
404,apartment,2893,1,2,1992,4.0,rural,0,false,true,mountain,1981,48210,5.2,9.7,3.2,5.3,23158,1075,195,oil,central,crawl space,asphalt,6,11/25/2020,514516,5/5/2022,900
405,condo,4198,4,1,1979,4.3,suburban,1,true,false,mountain,2009,16990,7.7,7.6,8.6,8.5,108022,4197,330,gas,central,crawl space,metal,1,10/24/2022,333905,10/8/2022,1800
406,apartment,2768,3,3,1983,1.4,rural,2,false,false,city,1995,28635,7.4,2.3,4.0,1.0,126946,2567,463,gas,none,basement,tile,2,5/13/2021,942062,6/24/2020,3100
407,townhouse,3194,3,1,2005,2.6,urban,3,false,true,ocean,1918,5259,0.6,2.3,5.7,6.7,102257,1972,219,electric,none,crawl space,metal,9,4/18/2021,103362,7/7/2021,1800
408,house,705,3,1,1961,4.9,urban,2,true,true,mountain,1930,41702,4.3,5.0,5.0,9.7,58963,926,250,electric,window,basement,asphalt,5,10/6/2020,638124,6/1/2022,1400
409,townhouse,4661,3,2,1939,7.8,rural,2,true,false,city,1906,36316,5.9,8.1,4.2,1.9,93109,3184,432,gas,none,slab,metal,3,5/25/2021,719463,11/27/2021,1800
410,condo,2132,1,2,1954,3.9,rural,3,true,true,ocean,1958,32704,1.7,4.1,0.9,9.7,105371,1382,351,electric,window,slab,asphalt,7,10/6/2022,506797,2/28/2022,1400
411,condo,3979,3,3,1905,0.7,urban,0,false,false,ocean,1905,11970,4.8,9.3,7.6,8.9,34871,850,96,electric,central,crawl space,tile,10,8/13/2020,348066,3/7/2022,2800
412,condo,4153,4,2,1963,8.7,rural,1,false,true,ocean,1927,13524,8.8,6.1,5.1,8.6,78332,4296,134,electric,none,slab,asphalt,1,10/18/2021,696014,11/30/2022,5000
413,house,1497,6,2,1996,6.3,urban,3,true,true,mountain,1929,1492,0.9,8.3,0.3,5.9,102925,3334,487,oil,window,slab,asphalt,4,10/19/2021,208598,12/2/2020,13800
414,apartment,3344,4,2,2004,6.9,rural,1,false,false,ocean,1959,45811,3.8,5.9,5.8,2.9,30489,2270,117,electric,none,basement,tile,4,10/5/2020,924327,5/28/2020,1900
415,townhouse,2574,6,3,1938,4.8,urban,0,false,true,mountain,1904,24923,0.5,7.6,9.1,2.7,31440,915,241,gas,central,crawl space,tile,9,6/22/2020,608299,3/8/2022,2300
416,condo,4250,5,2,1956,4.8,urban,2,false,false,mountain,1903,28293,6.1,3.0,4.0,9.8,144721,3486,494,gas,central,slab,metal,6,10/23/2021,613237,6/23/2020,2000
417,house,3162,4,4,1995,8.2,suburban,1,true,true,city,1960,12522,5.3,2.2,6.0,9.8,126261,4870,134,oil,central,basement,asphalt,9,12/24/2022,116829,11/2/2022,800
418,condo,2636,1,4,1989,4.1,suburban,2,true,true,mountain,1984,42941,8.8,6.5,6.1,9.9,126658,4272,294,gas,none,basement,metal,9,7/20/2021,960787,3/26/2020,2100
419,condo,1511,6,4,1970,3.3,suburban,3,true,false,city,1971,43701,2.9,6.7,3.1,7.3,94215,1251,200,electric,none,slab,asphalt,5,11/12/2020,387721,2/11/2020,700
420,townhouse,1461,3,3,2001,4.5,suburban,0,false,false,ocean,1933,5254,2.9,1.2,8.6,0.2,141845,3147,359,electric,none,basement,metal,10,1/25/2021,422036,12/6/2021,7900
421,apartment,895,2,4,1923,2.6,urban,3,true,false,city,1969,21255,7.6,7.6,9.5,5.5,94477,3571,323,oil,window,basement,asphalt,1,9/2/2020,969314,9/5/2020,4400
422,condo,1709,4,4,1917,7.3,rural,3,false,false,ocean,1929,41940,2.0,5.5,4.2,0.3,99490,3308,341,gas,none,basement,tile,10,9/12/2020,283507,2/25/2022,500
423,condo,3178,5,4,1934,2.2,suburban,2,true,false,city,1967,40100,5.0,7.1,6.8,3.2,64337,2463,315,oil,central,slab,metal,1,7/4/2021,496085,11/10/2020,1100
424,house,790,6,4,2004,4.0,rural,2,true,true,mountain,1994,39020,0.9,1.6,4.1,4.8,146066,3744,387,electric,none,slab,metal,10,6/15/2022,284641,2/11/2020,600
425,house,1689,3,2,1915,3.1,urban,3,false,false,ocean,1994,26497,0.7,0.1,0.9,2.0,35950,3016,255,electric,central,crawl space,tile,2,1/13/2020,605488,1/22/2022,2100
426,townhouse,2654,6,3,2006,2.1,urban,3,false,true,mountain,1926,3353,7.2,1.4,9.9,0.6,55555,1402,247,gas,central,slab,metal,2,11/24/2021,915602,11/22/2020,27200
427,house,4646,4,3,1946,4.7,urban,2,true,true,city,1932,34599,4.4,2.8,3.8,8.0,102861,4405,159,gas,window,slab,metal,9,2/19/2020,656591,8/29/2020,1700
428,house,1030,1,2,1985,7.8,urban,1,false,true,mountain,1958,6496,3.1,8.4,3.1,1.9,142659,3015,126,oil,none,slab,asphalt,3,1/16/2021,401867,7/1/2020,6000
429,townhouse,3493,3,4,1946,2.6,urban,3,false,false,city,1980,36075,4.8,5.1,9.0,0.3,58974,505,106,electric,window,basement,metal,9,8/6/2020,481362,9/1/2021,1200
430,house,4333,3,3,1964,7.9,suburban,3,false,true,city,1978,2249,5.4,9.9,8.6,0.3,140698,3138,98,gas,none,crawl space,asphalt,5,3/21/2020,55518,3/17/2021,2300
431,house,2327,6,4,1979,0.5,urban,0,true,false,ocean,1916,25059,6.7,8.6,7.6,1.4,54435,4557,498,oil,none,basement,asphalt,6,4/28/2022,479955,1/30/2022,1800
432,condo,1155,5,2,1957,8.2,rural,3,false,false,city,1981,40627,3.7,1.8,4.4,0.3,88291,4297,161,gas,central,slab,asphalt,9,9/17/2020,655314,1/4/2021,1500
433,house,4089,4,1,2013,3.1,suburban,0,false,true,mountain,1911,11455,7.6,7.5,6.6,2.8,70414,4578,494,electric,window,crawl space,asphalt,5,12/19/2021,891385,1/27/2021,7600
434,apartment,3950,2,4,1964,8.8,suburban,2,true,true,mountain,1924,40394,6.7,7.9,2.8,8.4,146217,2088,500,oil,none,basement,asphalt,4,8/19/2022,72900,12/13/2022,0
435,house,3897,3,4,1990,4.6,suburban,3,true,true,ocean,1908,40234,0.3,7.9,5.2,5.8,66400,4556,295,oil,none,crawl space,metal,2,5/20/2021,730035,6/19/2021,1700
436,townhouse,2307,5,2,1980,3.6,suburban,2,false,false,ocean,1911,31013,4.3,6.4,2.6,5.8,70727,3415,238,oil,window,basement,tile,8,1/7/2020,710931,7/8/2020,2100
437,condo,1992,6,3,1907,2.7,rural,1,false,false,ocean,1932,1587,8.5,4.3,3.8,5.1,122939,2986,245,oil,none,basement,asphalt,6,6/28/2021,253343,6/16/2022,15800
438,condo,3067,3,2,2005,2.1,suburban,0,false,true,mountain,1927,23719,7.1,7.1,3.6,2.8,146973,585,148,electric,window,slab,metal,9,2/7/2020,558167,10/12/2022,2200
439,condo,4991,1,4,1950,8.4,suburban,0,false,false,mountain,1910,48520,5.0,5.7,8.8,6.2,27459,1402,472,electric,none,slab,tile,6,2/16/2022,381162,9/9/2022,600
440,condo,3428,3,3,1925,5.0,rural,2,true,true,mountain,1919,5270,2.2,0.6,6.9,2.7,140206,1066,397,oil,window,slab,metal,10,11/29/2021,949254,4/5/2021,17900
441,house,1595,2,1,1921,9.2,suburban,2,false,true,mountain,1994,32122,6.9,8.2,7.1,0.6,88832,2800,192,electric,window,basement,tile,9,7/22/2022,375611,11/5/2021,1000
442,condo,1792,5,3,1982,0.3,rural,1,false,true,mountain,1952,2652,7.5,6.8,5.8,0.7,127398,1746,258,gas,central,crawl space,metal,4,10/21/2021,393782,12/14/2022,14700
443,townhouse,3833,6,1,1965,1.0,urban,2,true,false,ocean,1923,25196,0.5,1.9,8.2,6.4,141764,3973,153,oil,window,crawl space,tile,4,1/16/2022,795967,1/9/2022,3000
444,condo,4416,3,3,1900,2.0,urban,1,true,false,mountain,1982,43706,4.8,3.8,3.3,4.9,122704,3099,493,electric,central,slab,metal,9,3/7/2020,878643,4/15/2020,1900
445,house,2292,6,2,2020,8.3,suburban,0,true,true,mountain,1979,35782,5.7,5.9,4.6,8.4,93303,878,494,oil,none,crawl space,asphalt,3,4/10/2020,245316,12/4/2020,500
446,townhouse,4709,6,4,1916,8.7,rural,0,false,true,mountain,1968,36365,1.1,5.9,0.7,7.5,144659,3908,458,electric,window,slab,asphalt,6,10/6/2022,392517,4/24/2022,900
447,townhouse,657,5,3,2007,5.6,rural,3,false,true,city,1950,1409,7.0,1.6,8.0,3.1,34920,2173,293,electric,none,basement,metal,2,2/5/2021,215619,8/9/2021,15200
448,apartment,4476,1,3,1963,0.8,suburban,3,false,true,mountain,1928,39898,9.0,9.8,9.5,0.8,36761,3335,154,gas,none,slab,metal,10,4/25/2020,707336,8/4/2022,1600
449,condo,4256,5,2,1954,2.3,rural,0,false,false,ocean,1909,40845,4.8,8.9,6.7,3.2,54873,1357,215,oil,none,basement,metal,7,1/6/2022,533668,3/25/2021,1200
450,house,3451,3,1,1940,8.1,urban,3,false,true,ocean,1933,43289,2.8,0.9,4.4,9.5,22413,1425,161,oil,central,slab,tile,2,5/7/2022,420651,7/15/2021,800
451,condo,3518,6,3,1906,8.2,suburban,2,false,true,ocean,1965,49188,4.2,8.2,1.9,6.6,140027,972,138,oil,window,slab,metal,2,1/8/2022,937232,5/2/2022,1800
452,apartment,1509,4,1,1949,2.1,suburban,0,true,true,ocean,1949,15961,5.6,1.4,3.1,3.2,104818,4312,172,oil,central,basement,tile,3,12/10/2021,946400,4/20/2020,5800
453,townhouse,3421,1,2,1902,8.2,suburban,1,false,false,city,2011,26947,1.4,0.3,2.1,7.7,124795,3269,493,gas,central,basement,metal,4,1/8/2020,667085,6/27/2020,2300
454,house,3943,3,4,2006,3.8,suburban,2,true,false,city,1953,1810,4.3,6.7,7.2,3.1,106441,2729,308,oil,none,crawl space,tile,2,8/30/2020,788562,1/4/2020,43400
455,house,2608,6,4,1965,9.5,suburban,3,true,false,city,2020,48968,6.2,5.4,4.1,7.0,69161,2796,229,electric,none,slab,tile,10,5/6/2020,182075,9/4/2020,200
456,house,1381,3,4,2019,8.5,rural,0,false,true,mountain,1966,13520,0.4,4.5,6.8,2.3,47764,4570,446,gas,window,slab,asphalt,3,9/22/2020,562359,3/31/2022,4000
457,apartment,3175,1,4,1982,8.8,suburban,0,true,true,mountain,2019,19021,6.1,5.7,3.9,8.6,149842,3491,155,gas,central,basement,metal,1,7/29/2020,747701,6/15/2021,3800
458,apartment,1173,1,3,2020,8.7,suburban,0,false,true,ocean,1970,37033,1.6,4.6,3.1,5.8,61904,2309,466,electric,window,slab,metal,6,5/5/2020,784562,2/16/2021,2000
459,house,856,5,1,2009,9.1,urban,1,true,true,ocean,2013,24561,8.4,2.9,7.6,7.4,33040,1973,100,oil,window,basement,asphalt,2,8/30/2021,909601,10/2/2021,3600
460,townhouse,1239,1,2,1980,6.2,suburban,0,false,false,mountain,1988,10605,1.9,4.2,2.8,6.3,81890,1828,415,oil,window,crawl space,metal,6,9/2/2022,941110,4/30/2022,8700
461,townhouse,1883,5,2,1945,1.6,suburban,3,true,true,ocean,1986,16688,1.4,9.0,5.8,1.8,90304,2958,395,gas,none,crawl space,tile,1,6/21/2021,392719,5/20/2020,2200
462,townhouse,4800,1,4,1973,6.3,suburban,0,true,true,ocean,1938,30385,7.7,2.3,6.2,4.7,67497,1700,98,gas,none,crawl space,metal,10,2/25/2022,641412,3/18/2020,2000
463,townhouse,3308,4,2,1905,7.5,suburban,2,false,false,city,1937,15452,0.7,9.4,6.3,4.7,30166,3089,389,electric,central,basement,metal,10,8/25/2022,222026,8/31/2020,1300
464,house,3514,3,4,1994,4.0,urban,2,false,false,mountain,1996,40232,3.9,0.5,5.0,1.6,93332,1391,217,gas,central,basement,asphalt,5,5/8/2021,886884,12/27/2021,2100
465,house,2277,5,2,1961,7.9,rural,0,true,false,ocean,1926,38557,9.3,3.1,3.6,4.1,87946,2906,106,electric,window,basement,metal,3,10/21/2021,491354,8/21/2022,1100
466,apartment,1269,6,1,1903,5.3,rural,1,true,false,ocean,1999,22487,0.5,0.4,8.0,1.5,71143,3799,369,electric,window,slab,asphalt,8,10/25/2020,364369,7/8/2020,1500
467,condo,689,1,1,1998,6.5,urban,3,false,false,mountain,1942,43023,1.9,3.9,4.0,4.1,121858,882,446,electric,window,basement,metal,8,3/8/2021,110077,10/7/2022,100
468,house,4963,2,4,1974,1.4,urban,2,false,true,ocean,1933,30000,8.2,6.0,0.1,2.0,111074,2388,314,gas,window,crawl space,asphalt,7,3/18/2021,566582,5/12/2020,1700
469,condo,4052,5,1,1919,0.8,rural,0,true,true,city,1972,31072,3.4,3.5,5.5,7.0,135147,1818,133,gas,none,slab,tile,4,8/9/2021,672793,2/14/2021,2000
470,apartment,2413,3,1,2001,1.5,urban,0,true,true,ocean,1992,7331,7.6,0.4,1.9,6.4,32011,3458,413,electric,central,slab,asphalt,9,8/11/2022,338754,11/2/2021,4500
471,condo,4868,3,4,1974,7.9,suburban,1,true,false,city,2005,9214,5.9,8.4,7.1,5.8,82449,4257,53,gas,window,basement,asphalt,1,5/30/2022,760420,8/30/2020,8100
472,condo,2923,5,4,1914,7.3,rural,3,true,true,mountain,1954,25581,6.2,5.9,2.6,1.3,86251,4206,393,electric,window,crawl space,asphalt,5,2/1/2020,269663,5/29/2022,900
473,house,3846,6,2,1991,4.6,urban,2,false,false,ocean,1992,2792,7.8,3.9,8.1,4.6,125488,3360,156,oil,window,slab,metal,4,5/25/2020,214592,1/11/2021,7500
474,condo,1702,1,3,1965,3.4,urban,1,true,false,ocean,1950,1287,4.9,9.7,6.8,3.1,21687,837,83,gas,central,basement,asphalt,8,7/25/2020,459164,2/1/2020,35500
475,apartment,2650,5,2,2005,7.8,rural,3,false,false,city,1983,35271,2.6,6.3,1.7,8.1,106788,3139,377,gas,window,crawl space,asphalt,9,4/15/2020,932037,1/12/2020,2500
476,condo,4019,3,3,1982,2.6,urban,0,true,false,mountain,1975,1236,2.8,2.2,2.7,6.1,146882,608,325,oil,window,crawl space,tile,10,6/14/2021,143825,7/6/2022,11500
477,townhouse,3101,4,4,1965,0.7,suburban,1,true,true,ocean,1909,21265,6.3,1.6,3.2,7.8,93741,1405,309,electric,window,crawl space,tile,3,10/15/2022,651902,1/5/2021,2900
478,townhouse,2561,4,2,1924,6.1,rural,0,true,true,city,1973,13144,1.5,6.2,0.6,7.1,106991,1302,255,electric,window,slab,tile,5,12/1/2021,821263,10/15/2021,6100
479,apartment,4002,1,2,1983,4.8,rural,2,true,false,ocean,2004,45605,3.8,8.3,6.6,7.9,146151,4867,199,oil,central,crawl space,tile,9,6/4/2021,452699,4/15/2020,800
480,condo,1270,6,3,1943,6.1,rural,2,false,false,mountain,2002,11617,6.3,8.1,9.5,3.0,111053,4698,240,electric,central,basement,tile,3,2/16/2022,333298,12/14/2021,2700
481,apartment,3855,6,2,1940,5.7,suburban,2,true,true,city,1929,11856,3.4,7.1,2.4,1.2,98378,2899,87,oil,window,basement,asphalt,10,1/18/2021,839058,8/5/2021,6900
482,townhouse,1518,3,4,1948,7.4,suburban,3,false,true,mountain,1995,10192,6.2,1.9,2.9,8.1,143490,3061,101,oil,window,crawl space,tile,1,8/4/2021,314452,8/9/2021,2900
483,house,3983,6,2,1936,2.0,urban,0,false,false,ocean,1902,21091,9.7,0.8,4.1,1.8,41111,517,365,oil,central,basement,metal,3,7/1/2022,926574,6/20/2022,4200
484,condo,926,5,3,1938,6.9,suburban,0,false,true,ocean,1931,4820,8.4,1.6,2.8,8.9,111703,3879,275,gas,none,basement,metal,4,12/21/2021,961539,8/15/2022,19800
485,condo,1862,1,1,1992,7.5,urban,2,true,true,ocean,1951,36474,1.4,4.8,2.8,1.7,65317,4111,209,oil,none,crawl space,metal,7,8/8/2021,444820,12/1/2022,1100
486,condo,4877,4,2,1976,8.7,suburban,3,true,true,mountain,2005,35038,6.8,2.6,2.0,6.9,54147,2383,191,oil,window,slab,metal,4,5/28/2022,912812,2/13/2020,2500
487,condo,1893,5,1,1926,4.4,urban,0,true,false,city,1996,28138,7.2,3.1,5.9,9.1,105233,3985,309,gas,none,basement,tile,10,6/14/2021,465171,12/11/2021,1500
488,townhouse,1423,2,2,1976,8.1,suburban,1,true,false,ocean,1924,22452,8.0,4.9,5.7,1.4,99033,4938,242,oil,window,slab,metal,10,9/15/2020,359415,6/30/2021,1500
489,house,3896,2,4,1962,5.8,rural,1,true,true,ocean,1962,16041,3.8,6.7,0.4,7.3,145972,2258,364,gas,none,slab,asphalt,6,1/16/2021,168904,10/11/2021,900
490,house,2500,2,2,1939,0.4,rural,0,true,false,mountain,2010,3328,8.4,3.0,6.3,1.0,103299,4770,239,gas,none,crawl space,asphalt,6,11/26/2022,828393,6/28/2021,24700
491,house,4930,5,1,1969,6.7,rural,1,false,true,mountain,1921,34806,7.8,2.2,2.1,7.3,98908,4313,99,oil,window,slab,asphalt,1,2/15/2022,956229,9/2/2022,2600
492,condo,1272,6,1,2012,4.2,suburban,2,false,true,ocean,1930,44832,6.0,6.3,4.6,2.3,124082,4565,64,oil,none,crawl space,asphalt,4,6/18/2022,996427,9/5/2022,2100
493,condo,2340,3,4,1959,9.0,rural,3,true,true,mountain,1946,30723,8.0,2.7,6.0,0.4,122804,583,226,oil,none,slab,tile,4,11/28/2021,294374,5/14/2021,800
494,condo,4382,2,1,1929,7.7,suburban,0,false,false,city,1903,36901,8.4,3.7,2.3,9.1,33992,4313,420,oil,none,crawl space,metal,3,7/9/2020,997861,1/12/2022,2600
495,condo,3536,5,3,1905,3.5,suburban,3,true,false,ocean,1958,47503,0.3,7.4,3.0,7.9,146145,4715,453,gas,none,basement,tile,2,8/10/2020,75780,10/6/2020,0
496,townhouse,1511,2,4,1957,6.2,rural,1,false,true,city,1943,2829,4.3,5.5,3.9,2.7,23111,1276,57,gas,window,crawl space,asphalt,6,1/8/2020,488077,6/27/2022,17100
497,townhouse,1116,4,3,1973,5.8,suburban,2,false,false,mountain,1917,44767,7.4,4.4,2.0,1.2,63926,2113,292,gas,central,basement,tile,6,12/30/2022,788448,3/8/2022,1600
498,apartment,1386,2,4,1930,5.3,rural,1,false,true,mountain,1991,16344,4.9,6.7,1.3,7.7,86162,4319,449,oil,none,basement,tile,1,11/30/2021,179472,12/26/2022,900
499,townhouse,2293,3,2,1960,8.0,suburban,3,false,true,ocean,1983,7422,3.4,0.1,8.6,1.7,70453,3922,149,electric,central,basement,tile,2,12/26/2021,146992,8/1/2020,1800
500,condo,2633,1,2,1933,0.2,urban,3,true,false,mountain,1946,27494,7.2,7.3,3.4,4.9,37576,1019,71,oil,central,basement,metal,7,2/23/2021,643449,4/14/2022,2200
501,condo,818,2,4,1948,6.6,suburban,2,true,false,city,1960,10462,7.8,1.6,0.4,4.9,100810,4656,192,gas,window,crawl space,tile,7,10/19/2022,386838,6/25/2021,3500
502,house,1550,5,1,2006,4.8,rural,0,false,true,mountain,1901,15959,3.9,1.8,10.0,4.5,93782,870,282,gas,window,slab,metal,4,7/17/2020,586949,5/9/2020,3500
503,townhouse,1192,1,3,2008,5.8,rural,1,true,true,city,1976,49881,4.3,8.1,2.4,9.1,94592,821,225,gas,central,crawl space,metal,2,1/31/2020,786293,2/26/2020,1400
504,apartment,4744,1,4,1977,5.1,rural,0,false,true,city,1972,36390,5.1,1.7,1.2,5.4,20643,1730,317,oil,window,slab,tile,9,9/13/2020,376640,5/19/2021,900
505,townhouse,2029,1,2,1934,0.7,urban,2,false,true,ocean,2002,31202,8.0,6.2,0.6,3.6,53204,3030,382,oil,central,slab,tile,9,11/16/2022,610007,9/13/2021,1800
506,townhouse,2523,5,1,1967,6.3,rural,2,true,true,city,1908,8880,1.9,0.2,3.1,6.7,143425,1659,141,electric,central,crawl space,metal,3,3/27/2022,165945,10/24/2022,1700
507,house,517,2,1,1959,1.9,urban,0,true,false,ocean,1902,24891,6.4,8.7,0.3,4.7,68207,1217,475,oil,window,basement,asphalt,4,11/23/2021,594620,8/7/2020,2200
508,townhouse,682,3,1,1977,0.9,suburban,0,false,false,city,1907,34341,0.6,8.3,9.9,9.7,96901,1295,331,oil,none,crawl space,metal,5,7/21/2020,737596,5/26/2021,2000
509,townhouse,1464,2,1,2004,2.3,urban,2,false,true,mountain,1926,48921,1.7,10.0,0.5,6.5,69275,3363,174,oil,none,basement,asphalt,8,4/14/2020,825120,5/18/2021,1500
510,townhouse,3046,6,1,2014,3.4,suburban,1,true,true,city,2020,12828,7.5,9.3,0.4,6.4,129454,1686,245,electric,central,slab,metal,3,3/31/2020,456098,3/4/2020,3400
511,house,1403,3,2,2009,9.7,urban,3,false,false,ocean,2014,19202,3.5,1.5,5.3,6.9,87713,4045,58,electric,window,basement,metal,7,9/5/2022,239710,5/25/2020,1100
512,house,4607,1,3,1955,2.7,rural,0,false,true,city,1964,12037,6.0,4.5,3.9,6.0,81847,1321,476,gas,central,basement,asphalt,6,8/25/2021,691760,2/4/2022,5600
513,townhouse,4728,3,3,1985,8.1,suburban,3,false,false,ocean,1991,23309,8.6,3.3,10.0,4.4,132925,3364,90,gas,central,basement,metal,6,1/30/2022,551079,6/10/2022,2200
514,apartment,1493,1,3,1911,0.5,rural,1,true,true,city,1908,28771,6.7,7.5,3.9,8.0,82133,1183,143,electric,central,slab,tile,5,8/2/2021,163577,8/2/2022,400
515,house,1584,1,1,1999,9.4,suburban,1,false,false,city,2016,11186,1.4,2.1,5.0,7.6,108849,4484,52,electric,central,slab,tile,2,9/7/2020,555278,12/11/2021,4800
516,condo,1544,5,1,1930,6.9,urban,1,true,false,city,1991,19076,4.2,6.2,8.6,3.5,62963,2570,325,electric,none,basement,tile,8,2/27/2020,696945,12/29/2022,3500
517,townhouse,3236,5,4,2021,4.8,urban,0,false,true,ocean,1929,36111,4.6,6.8,7.1,2.9,37855,1537,269,electric,none,crawl space,metal,4,9/12/2021,167152,12/13/2020,300
518,condo,4410,5,4,1923,2.7,urban,1,false,true,ocean,1982,12620,0.2,3.9,2.9,7.8,67774,2446,204,gas,window,slab,metal,9,8/16/2020,925036,7/14/2022,7200
519,townhouse,1307,2,1,1970,9.1,rural,0,true,false,ocean,1911,31524,6.6,2.6,2.8,7.2,136979,2051,255,electric,window,basement,tile,4,5/30/2020,96677,1/4/2021,200
520,townhouse,1477,2,4,2011,3.5,suburban,0,false,true,mountain,1962,36508,0.8,5.1,2.3,6.5,45529,3104,456,electric,none,basement,asphalt,3,10/7/2022,842240,7/22/2021,2200
521,house,3673,1,4,1929,1.7,suburban,0,false,false,mountain,1929,48055,0.9,2.9,7.2,7.9,21506,522,282,gas,central,slab,tile,1,1/16/2022,529195,8/26/2020,1000
522,condo,4935,3,2,1972,2.8,suburban,0,true,false,city,1984,48255,4.7,9.8,7.9,2.6,144049,768,275,oil,central,slab,asphalt,10,6/3/2020,802902,1/3/2021,1500
523,house,2824,2,4,1995,6.0,rural,3,false,true,ocean,1934,2761,6.8,6.4,8.7,4.8,49929,3916,476,gas,none,crawl space,asphalt,1,2/11/2022,406703,8/18/2020,14600
524,condo,3309,2,4,2007,6.2,urban,2,true,true,city,1948,16011,4.9,6.6,9.3,3.7,123150,1776,298,oil,central,basement,asphalt,8,4/5/2020,816777,5/22/2020,5000
525,townhouse,2550,4,2,1950,8.0,urban,0,true,true,ocean,1983,21157,0.5,9.9,1.2,4.5,71501,1952,187,electric,window,crawl space,asphalt,3,5/11/2020,904287,5/23/2022,4100
526,condo,2371,6,2,1942,4.9,suburban,2,false,false,city,1940,48072,1.2,3.0,5.7,8.9,102894,4811,198,electric,none,crawl space,tile,7,2/14/2020,880793,7/16/2020,1700
527,apartment,1340,6,4,2000,6.0,urban,1,false,false,city,2012,3627,4.2,3.6,6.3,9.9,53078,4901,313,oil,window,slab,asphalt,1,9/29/2022,220210,3/1/2021,5900
528,apartment,2610,1,3,1928,6.5,suburban,2,false,true,ocean,1944,17496,1.7,7.5,0.6,3.2,41126,2892,466,gas,window,basement,tile,8,7/14/2022,754888,5/4/2020,4200
529,townhouse,3020,4,1,2008,3.7,rural,1,true,true,ocean,1918,38805,2.9,1.4,2.5,3.0,93021,1737,118,gas,window,basement,asphalt,9,2/5/2021,351124,5/22/2021,800
530,apartment,4709,6,4,1958,2.4,rural,0,true,true,mountain,1902,8935,3.0,5.9,0.6,6.4,110951,685,341,gas,central,crawl space,metal,10,3/24/2022,943031,7/13/2020,10400
531,townhouse,4127,3,1,1943,8.4,urban,3,false,true,ocean,1979,46134,9.9,2.7,0.2,1.7,57080,856,308,electric,central,crawl space,asphalt,3,3/14/2021,264033,5/15/2021,400
532,condo,4384,4,4,2001,3.3,rural,0,true,true,ocean,1911,32586,7.3,0.8,3.6,8.7,134338,4881,102,gas,none,slab,metal,3,6/14/2022,728357,3/28/2022,2100
533,townhouse,4970,5,2,1940,9.8,suburban,1,true,false,ocean,1917,13829,6.5,9.7,0.3,3.3,44533,3117,313,electric,none,crawl space,tile,2,6/15/2020,904659,7/26/2021,6400
534,townhouse,1488,2,1,1919,7.4,urban,0,true,true,ocean,1951,1645,2.6,9.4,4.0,1.4,142584,4009,326,oil,window,basement,asphalt,7,2/19/2021,656438,11/4/2021,39800
535,townhouse,3976,2,3,1921,2.3,suburban,0,false,false,city,1904,12234,6.6,9.4,8.3,6.6,67129,3927,406,electric,window,basement,tile,4,7/10/2020,621957,7/7/2022,4900
536,apartment,3031,3,2,1907,0.6,rural,1,true,false,city,1919,26107,9.1,5.6,1.2,1.9,61962,4268,414,gas,central,basement,asphalt,4,5/15/2021,928531,6/1/2022,3400
537,condo,2958,5,1,1960,7.6,rural,0,false,true,mountain,1999,11716,9.2,6.2,9.2,4.4,117663,2951,482,oil,window,slab,tile,5,7/26/2020,196166,11/26/2021,1500
538,condo,836,6,3,1991,4.3,urban,2,false,true,mountain,1945,11370,4.8,4.1,6.4,2.5,90570,4542,234,oil,central,slab,metal,9,6/11/2021,825699,1/25/2021,7100
539,townhouse,1196,6,1,2004,5.9,urban,1,false,false,mountain,1923,27972,5.3,0.8,5.8,0.8,132003,4922,238,oil,window,slab,metal,5,11/11/2021,387002,3/27/2021,1200
540,townhouse,2617,1,3,1915,1.3,suburban,3,false,false,city,1934,12256,5.3,0.3,0.3,0.8,118286,922,458,gas,none,crawl space,asphalt,2,8/8/2021,698277,4/10/2021,5500
541,house,2917,1,3,1986,7.9,rural,2,false,false,ocean,2010,44608,1.4,2.8,3.1,6.8,34370,1793,361,electric,none,crawl space,metal,6,3/25/2021,334150,5/28/2021,600
542,townhouse,4254,2,3,1901,6.6,urban,3,true,true,mountain,1938,3324,5.5,7.3,0.4,5.5,98498,3477,120,electric,none,slab,tile,1,10/27/2020,286471,11/13/2022,8500
543,apartment,3173,2,2,1957,6.6,suburban,2,true,true,city,1904,39390,1.3,5.3,2.4,4.7,146496,3816,464,electric,none,basement,tile,4,2/28/2022,154760,1/28/2022,200
544,condo,1129,1,2,2012,2.5,rural,2,false,true,mountain,1962,7182,8.2,7.4,8.7,9.1,148472,3823,72,oil,none,crawl space,tile,8,12/28/2021,290253,3/13/2022,3900
545,townhouse,3297,4,4,1957,4.3,rural,0,false,false,ocean,2001,12785,0.7,4.2,2.3,8.9,135777,4428,136,oil,central,slab,metal,8,5/1/2022,218963,5/28/2022,1600
546,apartment,4231,2,4,1912,8.9,rural,1,false,false,city,1974,32804,4.5,1.8,6.7,8.8,70832,2783,308,electric,window,slab,tile,7,3/29/2022,110011,12/21/2021,200
547,condo,3456,6,2,1972,9.7,rural,2,false,false,mountain,1976,22197,8.6,3.4,8.1,3.0,142343,4981,94,electric,central,basement,metal,5,1/27/2020,674113,10/21/2022,2900
548,apartment,579,6,1,1972,5.2,rural,1,true,true,city,1960,33699,9.6,6.4,7.0,5.5,106109,4746,118,gas,none,crawl space,tile,3,1/6/2022,171408,7/17/2022,400
549,condo,2414,5,2,1905,3.2,rural,0,false,false,mountain,1926,41390,2.8,7.3,6.6,8.2,127932,4791,274,electric,none,crawl space,tile,6,6/2/2020,194930,3/28/2021,300
550,condo,1673,4,1,1943,5.7,urban,3,false,true,mountain,2014,26130,1.7,6.9,2.5,5.2,110410,2372,129,oil,central,crawl space,metal,10,10/19/2020,371020,12/28/2020,1300
551,house,3933,3,1,1930,0.3,rural,0,false,true,ocean,1988,31311,6.4,7.1,9.0,10.0,65525,2196,212,electric,none,slab,tile,2,8/29/2020,119188,2/13/2021,200
552,townhouse,3090,3,1,1932,3.6,suburban,1,false,true,city,1995,23996,7.5,2.5,8.6,4.3,31951,1292,420,electric,window,slab,tile,8,4/21/2022,142943,4/10/2022,400
553,apartment,2083,5,2,1950,9.9,urban,3,true,false,city,1954,7792,0.6,6.4,9.9,6.5,117909,3805,225,oil,central,basement,tile,2,9/8/2021,826626,9/30/2021,10500
554,townhouse,1624,3,4,1980,3.1,suburban,2,false,false,mountain,1995,27947,7.6,6.5,8.5,3.6,94213,3069,127,electric,central,basement,tile,1,2/7/2020,933926,9/27/2020,3200
555,apartment,3037,5,3,1944,6.1,rural,3,true,false,city,1921,36236,2.5,8.1,8.4,5.1,122467,1840,369,oil,window,slab,asphalt,1,11/11/2021,775403,6/26/2021,2000
556,condo,2520,6,4,1942,4.9,rural,2,false,true,mountain,1975,44305,4.2,8.5,7.0,9.9,54552,1356,377,electric,window,slab,asphalt,5,3/8/2022,579670,5/13/2021,1200
557,townhouse,653,3,3,1964,5.1,suburban,2,false,false,mountain,1944,4609,4.9,1.8,3.4,8.8,57083,3911,416,oil,window,basement,tile,2,12/4/2021,628562,3/14/2020,13500
558,condo,1870,5,2,1997,4.3,suburban,1,false,true,ocean,1909,46324,6.0,3.3,5.2,2.0,147646,4671,318,electric,window,crawl space,metal,7,1/18/2020,294475,10/21/2021,500
559,townhouse,2127,2,1,2022,8.0,suburban,2,true,false,mountain,1929,26877,5.2,6.0,7.9,0.2,32248,714,453,gas,none,basement,asphalt,4,4/21/2021,276054,6/14/2021,900
560,house,2963,1,4,1901,3.8,rural,0,true,false,mountain,1986,39361,8.9,4.1,1.1,8.4,62996,840,476,electric,central,basement,metal,3,9/17/2020,883260,1/31/2021,2100
561,condo,3701,1,2,1923,8.2,urban,3,true,false,ocean,1950,30012,5.5,4.4,0.2,2.9,87814,4751,184,electric,window,basement,metal,8,10/8/2021,573615,12/12/2021,1800
562,townhouse,3302,3,2,1974,3.1,urban,3,false,true,ocean,1925,27554,5.9,9.6,9.1,3.1,23363,669,366,electric,window,basement,metal,4,12/25/2020,707832,12/15/2022,2400
563,condo,3940,6,4,2011,4.8,urban,3,false,true,city,1908,32987,0.2,0.6,10.0,8.1,90502,1014,323,gas,central,slab,metal,1,10/3/2020,180850,4/21/2020,400
564,house,4384,5,3,1929,9.3,suburban,0,false,false,ocean,1969,44542,2.7,5.5,6.5,6.3,82798,3970,499,gas,window,basement,metal,5,10/7/2020,956192,12/20/2020,2000
565,house,2532,2,1,1976,6.4,rural,0,false,false,city,1974,17863,2.3,2.4,2.3,5.0,114741,4908,233,gas,window,basement,tile,2,11/29/2022,177960,11/17/2020,800
566,condo,533,2,4,1916,4.4,urban,2,true,true,city,1956,5490,1.2,0.2,5.4,7.4,50526,2811,390,electric,window,crawl space,tile,2,4/21/2022,325117,7/30/2022,5800
567,townhouse,3130,6,1,1939,8.8,urban,0,true,false,ocean,1902,30932,3.7,8.2,8.3,7.4,84832,3721,211,gas,central,slab,asphalt,8,4/11/2022,724184,3/14/2020,2200
568,condo,3278,6,1,1948,10.0,urban,1,true,false,mountain,1982,48781,8.8,9.2,4.4,8.5,42828,1288,69,electric,none,basement,metal,2,12/26/2022,290576,5/11/2022,400
569,townhouse,943,6,1,2001,4.9,suburban,3,false,false,ocean,1912,36084,7.7,9.0,4.7,9.1,55366,3923,333,oil,none,slab,tile,2,4/1/2022,216852,11/9/2020,500
570,condo,3400,3,1,1999,9.7,suburban,1,true,false,mountain,1985,38351,3.1,6.6,3.5,1.6,39436,2586,472,oil,window,crawl space,tile,3,12/27/2020,68799,6/27/2022,0
571,house,3256,5,2,1975,5.6,urban,1,true,true,ocean,1944,32196,9.8,1.1,8.4,1.6,89429,4328,487,electric,central,slab,metal,10,2/19/2022,827349,11/11/2021,2400
572,apartment,659,6,1,1910,3.7,urban,2,true,true,mountain,1988,32816,5.5,6.0,0.9,1.2,48871,2214,134,electric,window,slab,tile,9,9/1/2020,616568,1/16/2020,1700
573,condo,4060,5,3,1979,6.7,rural,3,false,false,city,1990,47893,7.7,2.7,4.8,8.9,119012,3411,410,oil,none,slab,metal,8,7/16/2021,732044,9/26/2021,1400
574,townhouse,2558,1,3,1907,2.2,suburban,1,false,true,city,1964,32372,7.4,9.9,7.8,1.8,34922,991,81,gas,window,crawl space,tile,2,2/18/2021,815621,11/27/2022,2400
575,house,1159,1,4,1922,8.1,rural,0,false,true,ocean,1936,42871,0.9,9.7,0.9,3.5,148705,2580,75,electric,none,slab,metal,7,1/14/2021,334303,11/9/2021,600
576,townhouse,4002,4,2,1994,8.5,urban,1,false,false,city,1953,41853,8.2,9.0,6.6,3.8,91167,2038,100,electric,window,basement,asphalt,9,5/29/2021,266042,2/1/2021,500
577,condo,3333,1,4,1919,3.8,suburban,3,false,true,mountain,1932,34362,5.6,0.6,5.2,4.5,74739,3969,86,electric,central,slab,tile,8,12/25/2021,387181,4/16/2020,1000
578,apartment,2954,4,3,1977,2.9,urban,3,true,false,ocean,1943,11337,5.9,1.4,5.1,1.9,147337,4935,93,gas,central,basement,metal,4,3/26/2022,104210,9/24/2022,800
579,townhouse,2406,6,1,1994,1.4,urban,1,false,false,mountain,1911,19357,2.4,6.9,10.0,7.3,125965,4211,70,oil,window,crawl space,metal,4,2/21/2022,148904,11/20/2021,600
580,townhouse,4561,6,1,1904,1.7,suburban,1,true,false,ocean,1962,14270,2.6,0.3,3.4,9.8,58612,737,153,oil,none,basement,metal,8,10/24/2020,342386,4/10/2020,2200
581,condo,3197,5,2,1975,7.8,urban,1,false,true,city,1993,40221,3.7,1.9,3.0,5.3,28431,3854,387,oil,window,crawl space,metal,6,8/12/2020,148540,11/14/2022,200
582,house,4872,6,2,1950,0.4,rural,3,false,false,mountain,1957,24091,9.8,8.2,3.3,4.4,57702,3891,210,electric,none,slab,metal,1,6/8/2020,134614,5/17/2022,400
583,townhouse,2749,5,3,1976,7.7,suburban,1,true,true,mountain,2004,5433,9.0,7.7,2.8,9.6,144413,2537,466,gas,central,slab,asphalt,3,7/17/2020,649129,8/29/2022,11800
584,apartment,3005,3,4,1986,7.4,rural,2,false,true,mountain,1998,46956,10.0,5.0,7.7,8.8,91756,3575,210,gas,none,slab,metal,6,10/6/2022,622734,6/27/2021,1200
585,condo,3756,6,1,1994,2.4,suburban,0,true,false,ocean,1930,34556,6.8,5.6,3.7,4.9,54320,1752,191,oil,none,crawl space,asphalt,3,9/14/2021,400706,3/22/2022,1000
586,house,4297,2,1,1903,1.0,rural,1,false,true,city,1965,19985,2.7,6.8,8.7,6.5,30393,1624,359,oil,window,basement,metal,9,6/29/2022,261795,9/29/2022,1200
587,house,2120,1,1,1972,2.0,rural,1,true,true,ocean,1915,20086,0.3,6.7,5.5,7.9,123636,4902,334,gas,window,crawl space,asphalt,6,5/10/2022,127304,3/17/2022,500
588,house,4379,4,1,1993,6.3,suburban,1,true,false,mountain,1926,24888,4.6,6.2,7.4,7.0,148192,743,73,gas,central,basement,metal,3,12/6/2021,675067,8/21/2021,2600
589,condo,4854,4,2,1918,0.5,suburban,3,true,false,mountain,1969,16371,2.5,3.0,1.1,7.6,40207,1035,469,electric,none,crawl space,tile,2,2/16/2021,927197,12/14/2020,5500
590,condo,629,4,4,2016,0.7,suburban,1,true,true,mountain,1978,4123,1.3,3.9,4.3,1.0,71878,1167,470,electric,central,basement,tile,3,6/12/2021,104061,4/14/2022,2400
591,house,1459,1,3,1917,5.6,suburban,2,false,true,city,2001,42412,5.0,3.3,7.0,6.7,22768,3058,454,electric,none,basement,asphalt,5,1/24/2020,534974,9/20/2020,1100
592,condo,3891,4,2,2009,0.7,urban,2,true,false,city,2000,18473,0.3,1.2,8.8,7.6,42899,2118,386,gas,central,crawl space,asphalt,8,2/4/2021,820109,2/19/2020,4300
593,townhouse,4509,6,3,1966,1.3,urban,0,false,false,ocean,1925,21516,6.5,3.1,4.2,4.6,29635,2221,207,electric,none,crawl space,metal,2,9/18/2021,770997,4/20/2020,3400
594,apartment,3503,5,4,2016,7.8,rural,2,true,true,ocean,1953,31737,9.0,3.3,3.1,2.4,25062,570,102,oil,central,basement,asphalt,8,9/4/2022,870299,4/13/2021,2600
595,apartment,4722,3,1,2001,0.2,suburban,3,false,false,mountain,1992,30551,2.0,2.4,10.0,8.4,141568,4040,254,electric,central,crawl space,metal,10,11/21/2022,52839,9/24/2022,0
596,townhouse,3057,5,4,1947,5.3,rural,3,true,false,mountain,1907,30921,7.9,8.4,7.4,0.8,21006,2218,431,electric,central,slab,metal,4,12/7/2020,151756,3/14/2022,300
597,condo,3252,2,3,1990,3.0,urban,2,true,true,mountain,2000,22992,8.7,1.0,4.2,8.3,43601,2504,490,electric,central,slab,asphalt,2,12/9/2021,120097,10/14/2020,400
598,house,4436,5,2,1917,1.8,rural,3,true,false,mountain,1977,13724,7.8,3.1,3.8,7.7,139434,2982,284,gas,window,crawl space,asphalt,8,3/31/2022,485440,3/1/2020,3400
599,townhouse,1371,2,3,1941,7.8,suburban,2,true,true,ocean,1989,32145,0.7,3.2,6.4,3.3,147302,620,371,oil,window,crawl space,asphalt,2,10/9/2021,391126,10/14/2022,1100
600,townhouse,3263,4,3,1982,7.9,suburban,0,false,false,mountain,1995,46480,7.2,8.3,5.3,1.1,132229,624,394,gas,central,basement,metal,3,6/7/2021,960594,7/22/2021,1900
601,condo,3761,2,3,1980,8.2,urban,1,true,true,mountain,1951,23380,5.6,1.0,3.3,2.5,83834,3413,227,electric,window,basement,metal,6,11/7/2022,962476,10/3/2022,4000
602,townhouse,2187,6,4,1923,1.4,urban,3,true,false,mountain,1919,21050,0.6,4.3,0.9,8.8,123381,1739,349,oil,central,slab,tile,5,1/26/2022,318071,12/17/2020,1400
603,house,3521,5,3,1913,1.6,urban,2,true,true,ocean,1919,19763,9.1,3.6,5.9,0.1,85634,3984,212,electric,window,crawl space,asphalt,7,5/25/2020,791639,6/6/2022,3900
604,townhouse,3437,6,4,1971,6.8,rural,2,true,true,mountain,1918,28184,1.4,5.4,1.8,8.4,46064,739,187,electric,window,basement,asphalt,9,12/17/2021,85960,6/20/2022,200
605,townhouse,1423,5,2,1992,5.2,urban,2,false,false,ocean,1918,46786,3.4,6.0,5.8,5.1,149832,4070,194,oil,window,basement,tile,5,4/23/2021,238531,3/18/2021,400
606,condo,2548,6,4,1987,3.0,urban,1,false,true,mountain,1981,12837,8.4,2.3,0.4,2.0,27798,3909,60,oil,central,crawl space,metal,8,11/19/2021,609721,1/14/2022,4600
607,house,1598,2,1,1996,6.5,urban,1,true,false,mountain,1975,41085,2.5,5.7,3.5,1.4,127108,3301,260,gas,window,crawl space,metal,9,12/17/2021,984845,7/14/2022,2200
608,apartment,4137,5,1,1952,0.6,urban,0,false,true,city,2011,26076,0.1,6.4,3.9,6.8,53019,2392,229,oil,window,basement,tile,10,5/27/2021,358344,11/20/2020,1200
609,house,909,2,4,1915,0.1,suburban,1,false,true,city,1907,33383,2.5,8.2,0.4,3.5,33094,1665,121,gas,window,basement,metal,9,6/6/2020,147429,12/22/2021,300
610,apartment,2839,6,1,1955,4.8,urban,3,false,true,ocean,1992,35832,4.6,2.3,5.7,7.9,43597,3042,472,gas,none,basement,metal,6,7/31/2022,751809,1/3/2022,1900
611,house,1311,5,1,1914,5.7,suburban,1,false,false,mountain,1950,3721,7.4,4.9,7.7,8.4,82790,1659,128,electric,central,crawl space,metal,4,6/21/2021,968203,2/28/2022,25900
612,apartment,4901,4,1,1958,0.5,suburban,1,true,false,ocean,1927,6931,5.4,9.4,8.2,3.2,98836,1422,332,gas,none,basement,asphalt,6,7/22/2020,913706,10/29/2020,13000
613,house,4569,6,1,1913,9.7,rural,0,true,false,ocean,1905,40808,1.8,1.3,7.3,8.8,147135,1442,465,gas,none,slab,tile,8,10/23/2020,67843,11/27/2020,0
614,house,2504,6,4,1977,0.9,rural,3,true,false,city,1966,36069,3.3,9.7,4.4,4.3,93569,3016,284,gas,window,basement,tile,5,1/16/2020,892927,12/17/2020,2300
615,house,2898,5,2,1934,8.2,suburban,2,false,true,ocean,1970,36966,4.2,9.1,0.7,1.1,68773,1834,354,gas,none,basement,asphalt,8,8/6/2022,463705,5/30/2022,1100
616,townhouse,4786,1,3,2018,6.1,urban,1,true,true,ocean,1914,26499,5.7,5.5,0.9,8.1,131420,3609,409,gas,central,basement,metal,10,3/20/2020,775675,9/21/2022,2800
617,apartment,3995,4,2,1913,7.8,suburban,2,false,false,ocean,1902,10872,2.7,8.7,0.9,3.7,71271,3106,178,oil,window,crawl space,tile,4,10/10/2022,202597,4/21/2021,1700
618,apartment,2855,2,2,1996,5.9,suburban,1,true,false,city,2017,5006,5.9,1.1,9.3,6.2,94054,2303,53,oil,none,crawl space,asphalt,8,3/6/2021,464989,3/4/2021,9100
619,house,2244,6,2,1993,6.9,urban,0,false,false,city,1974,17693,6.7,2.7,8.5,5.9,69557,4991,453,oil,none,slab,metal,5,7/27/2020,719119,1/26/2022,3900
620,apartment,2439,1,4,1998,6.7,rural,3,true,true,ocean,1967,43895,7.8,0.6,3.2,5.9,44258,2927,259,electric,central,slab,tile,6,4/15/2020,917516,12/17/2022,1900
621,condo,2690,5,4,2009,2.9,suburban,0,true,false,mountain,1985,49229,6.4,0.4,2.5,3.8,76845,897,442,gas,central,slab,asphalt,2,1/19/2022,364280,6/30/2021,600
622,house,1230,4,1,1964,6.1,suburban,2,false,false,mountain,1988,48195,6.2,4.8,1.7,3.0,45686,1195,326,gas,central,slab,metal,5,12/9/2021,121803,2/12/2021,100
623,house,745,6,2,1968,0.1,urban,2,true,false,ocean,1954,7891,9.1,7.9,7.5,8.7,123520,2695,459,oil,window,basement,asphalt,2,7/20/2020,411989,2/9/2021,5100
624,house,4357,4,3,1978,6.6,urban,0,true,true,mountain,2009,25108,5.5,8.7,5.4,1.7,26393,2814,74,gas,none,slab,asphalt,2,10/22/2022,555160,1/1/2020,2100
625,apartment,1583,5,4,2012,9.7,urban,1,false,true,city,1995,20461,7.1,3.0,4.5,5.7,82493,4157,260,electric,central,basement,tile,9,12/2/2021,964938,10/22/2021,4600
626,apartment,4541,5,4,1959,8.6,suburban,1,true,false,city,1961,39276,9.6,1.0,0.7,2.3,35509,506,425,electric,none,crawl space,tile,10,1/23/2021,140149,10/18/2022,200
627,townhouse,2506,5,4,1926,4.8,rural,3,false,true,mountain,1945,36192,4.1,3.7,9.8,0.2,123230,3931,388,gas,none,basement,metal,3,4/27/2021,841405,11/5/2020,2200
628,townhouse,2923,4,1,1941,3.4,suburban,2,true,true,mountain,1955,31268,3.1,4.3,0.2,7.8,72604,1216,247,gas,window,basement,metal,2,8/22/2022,170145,12/4/2020,400
629,townhouse,2119,1,1,1930,9.4,rural,3,false,true,mountain,1971,23163,0.2,2.2,6.4,3.1,142451,2243,173,gas,none,slab,asphalt,10,10/13/2022,879029,1/18/2022,3600
630,apartment,3320,6,2,1912,8.3,suburban,1,false,true,mountain,1950,11632,4.8,3.0,7.6,8.0,21169,2037,442,oil,window,basement,asphalt,2,3/25/2021,324385,4/2/2020,2600
631,townhouse,4650,1,1,1937,8.6,suburban,1,true,true,city,1991,3409,2.9,1.0,9.2,5.8,59745,1248,320,electric,window,slab,asphalt,4,1/6/2022,648470,10/20/2022,18900
632,condo,4865,4,4,1952,8.0,rural,1,true,false,mountain,1998,27742,7.0,7.5,3.9,4.1,20830,4005,362,electric,central,slab,asphalt,8,7/30/2020,450274,10/31/2020,1500
633,house,691,5,4,1914,0.7,rural,0,false,false,ocean,1963,32798,8.2,2.5,9.0,8.8,69643,2695,442,electric,window,slab,metal,7,2/11/2021,832782,8/29/2021,2400
634,townhouse,4121,6,2,1948,8.2,suburban,0,false,false,city,1946,46336,5.5,0.6,4.0,9.5,127128,526,327,oil,window,basement,tile,10,11/10/2020,528480,3/8/2020,1000
635,house,4821,6,1,1946,1.6,urban,3,false,false,city,1997,39083,2.5,1.2,1.0,3.5,59038,3485,353,electric,central,basement,tile,1,10/3/2022,122860,2/15/2021,200
636,townhouse,4338,1,4,2022,7.5,suburban,1,true,false,city,1952,44007,3.9,6.0,5.2,5.5,119523,2895,220,oil,central,basement,asphalt,6,4/17/2021,757165,3/25/2020,1600
637,house,4003,3,2,1967,9.4,suburban,1,false,true,city,1964,9570,0.7,7.5,4.1,1.4,76730,2812,297,gas,window,basement,tile,3,6/8/2020,309476,8/1/2022,3100
638,apartment,4175,2,4,1942,6.3,urban,1,true,false,mountain,2018,18507,1.6,3.4,8.8,6.3,59006,3795,218,oil,window,crawl space,metal,9,8/5/2020,502186,6/18/2020,2600
639,house,3765,5,2,1950,9.0,suburban,1,true,false,ocean,1964,41144,9.9,2.5,5.8,7.8,26497,4594,298,gas,window,crawl space,tile,5,6/15/2022,519301,2/28/2022,1100
640,condo,3283,4,4,1962,4.5,rural,1,true,false,mountain,1957,33498,0.3,2.0,4.2,3.1,92910,4059,89,electric,none,crawl space,metal,9,1/26/2021,65339,1/23/2020,0
641,townhouse,4346,3,4,1941,1.2,rural,2,false,false,ocean,1989,28482,6.0,5.7,8.4,2.3,100342,1664,471,oil,window,slab,asphalt,4,6/7/2021,743602,10/7/2020,2500
642,condo,887,2,4,1949,9.0,suburban,0,true,true,ocean,1965,15489,5.0,7.8,5.7,5.2,120459,3879,364,electric,none,crawl space,tile,6,11/27/2020,643861,12/10/2021,4000
643,condo,4426,2,3,1939,7.3,rural,2,false,false,city,1936,12799,2.8,9.4,3.6,8.6,89993,2003,254,electric,none,basement,metal,9,8/6/2021,211354,3/22/2020,1500
644,townhouse,3112,4,4,1925,4.7,suburban,1,false,true,city,1922,34313,7.8,0.9,8.4,1.4,67752,2760,208,gas,central,slab,tile,10,8/13/2021,467009,9/21/2020,1200
645,townhouse,1478,1,1,1931,2.7,urban,2,false,true,mountain,2006,6308,9.9,3.9,6.5,6.4,112049,3259,417,electric,central,basement,tile,10,8/14/2021,677529,3/26/2022,10600
646,house,3098,4,3,2000,0.8,suburban,0,false,true,mountain,2022,40338,0.8,8.9,2.2,9.5,101317,1008,457,electric,central,crawl space,metal,4,6/27/2021,768809,5/9/2021,1800
647,apartment,2864,2,2,1968,2.8,rural,0,false,false,ocean,1911,32308,9.6,2.0,2.6,9.0,144331,1209,254,gas,window,slab,asphalt,9,8/21/2020,560702,12/30/2022,1600
648,house,3726,5,3,1935,1.3,urban,1,false,false,city,1908,33558,4.1,5.6,8.5,4.8,135193,632,492,electric,central,slab,tile,8,10/14/2022,753975,3/22/2022,2100
649,condo,2234,3,1,1978,2.3,rural,1,false,true,city,1925,20020,0.5,5.1,2.2,9.0,83785,3184,339,gas,none,slab,asphalt,9,7/1/2022,941800,10/30/2022,4600
650,townhouse,4924,2,3,1951,0.9,urban,1,false,false,city,1957,49702,6.3,6.7,2.1,1.9,28763,4042,257,gas,central,basement,metal,8,12/12/2021,776436,1/27/2020,1400
651,condo,1622,3,4,1969,6.5,suburban,3,false,true,ocean,2000,27206,4.3,2.8,5.8,7.5,40167,4443,226,electric,none,slab,tile,9,3/7/2021,284156,5/31/2022,900
652,apartment,2469,3,4,1975,3.2,rural,2,true,true,ocean,1904,31720,8.0,1.6,4.2,5.9,80130,3394,200,oil,none,basement,asphalt,1,2/4/2021,162320,7/18/2022,400
653,condo,3727,6,4,1912,8.9,urban,3,false,true,ocean,1939,26115,3.9,3.4,2.2,6.9,127381,2777,412,oil,none,slab,asphalt,6,3/10/2021,66038,1/24/2020,100
654,apartment,2403,3,1,1943,0.7,urban,1,false,true,city,1985,34786,4.4,0.4,4.6,1.0,119702,1433,388,oil,window,basement,tile,5,10/3/2021,693123,5/23/2020,1800
655,townhouse,928,2,1,1920,6.1,urban,2,false,false,city,1998,45938,0.3,3.5,6.1,3.4,105111,3422,62,oil,central,crawl space,tile,6,4/10/2020,940560,3/23/2021,1900
656,apartment,2247,1,2,1914,1.1,urban,0,false,true,city,1951,5406,2.7,8.7,0.6,9.5,93942,2675,459,gas,central,basement,tile,5,11/17/2021,652968,1/18/2020,11900
657,condo,3855,2,3,1974,7.9,rural,3,false,true,ocean,1924,46080,2.3,7.7,6.2,4.3,38465,3953,76,oil,none,crawl space,asphalt,7,12/20/2020,422214,8/10/2020,800
658,apartment,4017,2,4,1981,1.9,suburban,1,true,true,ocean,1900,26458,4.0,9.2,5.0,9.6,94436,1661,494,gas,central,basement,metal,6,2/10/2020,926407,5/11/2020,3400
659,townhouse,2927,5,1,1951,1.5,rural,1,false,false,city,2001,33378,2.4,7.8,3.0,7.8,93835,3640,356,gas,window,slab,metal,10,5/5/2020,255004,12/19/2020,600
660,townhouse,3131,5,2,1911,7.8,suburban,1,false,false,city,1993,12746,3.1,2.3,3.8,5.9,57491,4956,219,electric,central,basement,metal,5,2/13/2020,219060,9/27/2021,1600
661,townhouse,1708,3,4,1985,7.2,suburban,1,true,true,ocean,1904,4566,8.6,8.8,1.7,2.0,87118,1683,83,electric,window,crawl space,tile,4,9/20/2021,842651,5/11/2022,18300
662,townhouse,2333,4,1,1912,5.4,urban,2,false,false,mountain,1975,14843,1.2,5.7,4.7,9.4,48086,2028,493,oil,central,basement,tile,9,5/9/2021,259997,10/17/2022,1600
663,townhouse,2964,5,1,1943,0.9,suburban,2,false,true,ocean,1993,5731,0.2,5.7,9.6,0.2,26168,2196,109,gas,none,slab,metal,2,3/6/2020,484173,1/18/2022,8300
664,condo,4227,3,3,2019,1.1,urban,1,true,true,ocean,2022,15185,1.9,1.2,2.4,7.0,96452,4040,167,oil,central,basement,tile,3,11/18/2020,757871,5/7/2022,4800
665,apartment,2131,5,1,1944,9.7,urban,1,false,true,city,1927,33244,9.9,0.6,10.0,6.0,44810,1186,321,gas,window,slab,asphalt,8,1/17/2020,571934,7/26/2022,1600
666,apartment,1193,2,4,1970,0.2,urban,2,true,false,ocean,1962,35041,8.7,7.2,2.3,7.3,62294,2261,345,electric,none,crawl space,asphalt,10,3/30/2020,785263,2/16/2020,2100
667,apartment,4814,6,1,1943,2.4,urban,2,false,false,ocean,1902,36961,9.7,9.9,8.9,6.6,47167,3724,268,gas,none,basement,metal,9,9/6/2020,384140,9/15/2020,900
668,condo,4084,2,4,1953,1.2,urban,0,false,true,mountain,1918,20217,8.1,1.0,4.6,0.2,60036,1426,120,electric,central,slab,tile,9,6/3/2021,500582,3/6/2022,2300
669,apartment,4964,4,2,1975,1.7,suburban,1,false,false,mountain,1997,8023,4.7,5.4,6.2,7.6,119036,706,286,electric,none,crawl space,metal,7,5/19/2021,204454,1/29/2021,2400
670,condo,4877,3,1,1968,8.3,rural,2,true,true,ocean,1972,16140,5.0,3.0,9.4,5.3,89694,1507,344,oil,window,basement,tile,5,1/21/2020,962510,9/25/2020,5800
671,townhouse,858,3,1,1921,5.8,urban,3,false,true,ocean,1907,4549,5.5,7.3,0.8,3.9,106892,1263,392,gas,window,crawl space,metal,8,7/14/2022,492704,2/6/2022,10700
672,house,3747,1,2,1943,3.9,rural,3,false,false,mountain,1951,36916,6.5,6.0,0.1,3.2,114859,1778,471,gas,none,crawl space,tile,5,5/29/2022,668058,12/9/2022,1700
673,house,2435,1,3,1947,9.8,rural,2,false,true,city,1976,33519,3.7,3.2,6.7,2.1,43864,2040,265,gas,window,slab,asphalt,2,10/4/2021,479797,9/19/2020,1300
674,house,3391,3,3,1986,2.5,rural,1,true,false,city,1974,41706,0.6,4.2,8.7,0.5,120432,3411,338,electric,none,crawl space,asphalt,6,9/5/2021,816196,10/6/2022,1800
675,condo,2000,1,2,2016,7.9,rural,3,false,false,ocean,1933,12451,1.9,7.2,7.5,7.6,130597,502,261,electric,window,slab,metal,1,5/17/2022,969562,1/7/2022,7600
676,condo,3879,5,1,1985,6.4,suburban,2,false,false,ocean,2007,29132,7.8,7.3,8.3,9.1,109438,2229,335,electric,central,basement,tile,5,1/30/2021,934656,1/23/2021,3100
677,townhouse,1042,5,1,1962,7.0,rural,0,false,true,mountain,2014,6826,9.4,7.7,9.7,1.5,88615,4279,73,oil,central,slab,metal,8,1/6/2020,787132,10/10/2020,11400
678,house,3521,3,3,1911,8.4,suburban,0,true,false,mountain,1900,7930,4.3,6.5,7.9,10.0,133644,1145,144,gas,window,basement,metal,2,6/5/2021,104620,2/29/2020,1200
679,apartment,3701,6,2,1924,9.3,suburban,2,false,false,ocean,1989,23924,6.6,2.9,4.5,4.9,27100,1926,185,electric,window,crawl space,tile,4,12/10/2020,656123,2/11/2021,2600
680,apartment,2291,2,1,1954,4.3,rural,2,false,false,city,1935,12385,6.7,1.1,8.6,3.2,51023,691,229,oil,central,crawl space,asphalt,1,8/16/2020,195287,1/27/2022,1400
681,apartment,3920,4,3,2006,2.2,urban,1,false,false,mountain,1937,12421,3.4,4.5,1.3,6.1,139196,2979,369,gas,none,slab,asphalt,8,12/6/2020,100112,12/23/2020,700
682,condo,2955,1,2,1948,3.3,rural,2,false,true,mountain,2013,20033,9.5,8.7,2.3,7.6,43457,1711,363,gas,window,crawl space,asphalt,2,9/16/2020,269375,11/18/2020,1200
683,house,2364,6,1,2007,7.8,rural,0,true,false,city,1913,18226,1.9,1.8,7.0,5.0,119748,3642,179,gas,window,slab,tile,6,9/1/2020,219880,10/6/2020,1100
684,house,4872,5,4,1959,2.6,rural,2,true,true,ocean,1941,15736,3.0,7.2,2.4,9.1,56037,657,394,oil,window,crawl space,tile,1,1/10/2022,89790,11/10/2022,400
685,house,4968,1,4,1967,6.2,rural,3,false,false,mountain,2022,27291,7.1,6.7,1.1,2.6,124173,3153,247,electric,window,crawl space,tile,6,11/5/2021,519058,9/22/2022,1800
686,condo,1025,2,3,1958,5.1,suburban,3,false,true,ocean,1925,29678,6.4,5.6,8.8,7.2,124947,3930,370,oil,none,crawl space,asphalt,2,7/11/2021,753052,5/3/2021,2400
687,apartment,2919,2,2,1946,4.5,rural,1,false,true,city,2009,48994,0.1,9.7,9.3,3.5,147327,3128,469,electric,central,basement,asphalt,5,7/31/2021,96136,6/22/2021,0
688,apartment,4807,6,2,1985,9.3,rural,0,false,true,city,1928,48636,6.7,1.9,6.7,1.9,124298,3765,101,gas,window,basement,tile,3,8/25/2021,214414,10/8/2020,300
689,apartment,4284,1,1,1944,1.2,urban,2,true,true,ocean,1967,44750,6.8,0.2,8.0,9.6,48614,1862,418,electric,window,slab,tile,10,8/20/2022,725151,8/18/2020,1500
690,townhouse,3575,4,2,1924,2.8,suburban,2,true,false,mountain,1912,33398,6.0,6.4,5.2,5.0,88070,771,443,oil,none,crawl space,metal,2,6/7/2020,67027,10/14/2021,100
691,apartment,4057,2,3,1937,8.8,rural,2,false,true,ocean,1906,2671,4.7,6.2,8.1,6.3,72473,3958,208,oil,window,crawl space,tile,4,3/1/2021,196157,1/18/2022,7200
692,condo,2962,2,2,1954,7.9,rural,2,false,false,ocean,1968,43257,6.3,9.5,6.3,1.8,137829,3052,89,oil,none,slab,tile,1,2/23/2021,614619,11/23/2022,1300
693,townhouse,2052,2,1,1920,8.0,urban,3,true,true,ocean,1936,47467,3.2,6.4,1.8,1.4,100541,3140,210,oil,window,basement,asphalt,5,2/4/2022,267410,12/25/2022,400
694,house,2419,4,2,1966,1.3,rural,1,false,true,mountain,1972,44214,6.6,7.1,3.7,2.9,68589,2018,207,gas,central,basement,metal,3,1/4/2022,580787,1/30/2020,1200
695,apartment,2264,4,2,1975,9.0,suburban,3,true,true,ocean,1931,45731,2.1,1.8,8.7,1.6,25402,3551,171,gas,none,crawl space,asphalt,2,3/12/2020,331115,4/15/2021,600
696,house,3285,6,2,2007,9.8,rural,3,true,false,ocean,1920,12948,4.0,1.5,4.3,6.7,79333,3013,495,gas,central,crawl space,tile,3,5/30/2021,504212,10/23/2020,3700
697,apartment,4010,1,3,1930,8.1,rural,1,true,false,mountain,2019,9437,6.3,7.9,1.8,4.1,113150,1048,479,oil,none,crawl space,metal,10,7/22/2021,623840,8/10/2021,6500
698,townhouse,3089,2,2,1957,8.1,rural,2,true,false,ocean,1903,29769,8.5,6.0,0.6,5.2,42463,4806,165,oil,central,basement,metal,9,5/12/2020,544477,2/21/2020,1700
699,apartment,1749,6,1,1992,9.3,urban,3,false,false,ocean,1960,1224,1.5,3.5,5.1,1.6,70712,1412,359,gas,central,basement,metal,3,9/26/2020,634646,9/26/2020,51700
700,house,2750,1,2,1991,4.0,urban,1,true,true,ocean,1909,39858,9.6,2.5,5.5,2.8,79438,1954,183,oil,central,crawl space,tile,1,1/27/2020,236080,10/9/2020,400
701,apartment,560,5,1,1968,7.0,rural,1,true,false,city,1919,2416,2.8,7.2,3.4,4.9,48921,4803,252,electric,window,basement,tile,3,7/28/2022,239346,10/28/2021,9800
702,house,2711,4,3,1957,1.0,rural,3,false,true,ocean,2003,16689,9.7,9.8,9.8,4.9,27258,2217,474,oil,none,slab,asphalt,1,4/13/2020,912017,9/17/2020,5300
703,condo,3346,3,4,1903,9.9,rural,1,false,false,mountain,1975,1628,9.3,8.6,9.6,9.3,137086,2008,124,oil,central,slab,asphalt,7,2/11/2020,686586,3/11/2021,42000
704,townhouse,2346,3,2,1997,2.9,rural,0,true,false,ocean,1961,28071,6.6,3.0,2.8,8.0,53770,2962,262,electric,central,slab,metal,8,4/13/2021,870773,6/6/2020,3000
705,apartment,4667,6,1,1983,7.7,rural,3,false,true,city,1968,5574,1.8,8.6,2.4,9.1,98607,2496,118,gas,window,basement,metal,5,8/13/2021,734351,4/24/2022,13000
706,townhouse,3089,2,2,1910,0.7,urban,0,false,false,ocean,2015,39791,8.6,4.6,0.2,4.3,131703,3917,365,electric,none,basement,tile,1,5/13/2022,689199,1/22/2020,1600
707,condo,4229,1,3,2020,9.0,rural,3,false,false,ocean,1978,41857,5.2,0.9,0.1,1.2,139404,4119,307,gas,central,crawl space,metal,9,7/12/2020,240854,11/1/2021,400
708,townhouse,1615,1,3,1932,5.7,suburban,0,true,false,ocean,1914,33552,7.4,7.6,8.6,2.0,67419,2329,51,gas,window,basement,asphalt,6,9/27/2022,76365,3/23/2021,100
709,apartment,1778,4,1,2013,5.1,urban,0,true,false,city,1956,28522,2.2,1.4,0.6,8.7,54242,1632,104,oil,window,slab,metal,2,11/17/2020,332320,2/17/2021,1000
710,townhouse,3094,1,3,1947,8.6,urban,0,false,true,city,1958,23312,1.6,1.8,7.6,7.9,59523,1594,80,electric,central,basement,metal,2,8/21/2022,973257,4/16/2022,4000
711,townhouse,2423,1,2,1987,8.5,rural,2,true,true,ocean,1952,10239,9.3,8.7,6.8,3.4,98654,4495,415,electric,none,basement,tile,6,7/17/2021,884204,8/23/2020,8500
712,townhouse,4524,1,3,1955,6.4,suburban,1,true,false,ocean,1917,4306,6.1,6.8,3.8,8.6,119114,4016,306,gas,window,crawl space,metal,2,11/15/2021,262385,3/25/2021,5900
713,apartment,2326,1,3,1971,8.8,urban,2,false,true,city,1949,10470,2.7,0.1,3.1,3.5,84579,1050,348,oil,window,slab,metal,5,3/3/2021,151807,8/29/2021,1300
714,apartment,1547,1,3,1961,7.8,urban,1,false,false,city,2006,36026,6.4,3.0,6.0,6.2,105061,4332,104,oil,central,crawl space,asphalt,3,1/6/2020,861065,2/10/2020,2200
715,townhouse,661,4,4,1950,0.6,rural,2,false,true,city,2003,23788,6.7,9.4,1.7,6.8,29173,504,66,electric,window,basement,tile,2,4/24/2021,230740,4/6/2020,800
716,house,4454,3,4,1978,7.0,suburban,3,false,false,ocean,2007,12004,2.6,1.0,4.3,1.0,29653,4753,139,electric,window,slab,metal,7,8/16/2022,734961,2/23/2020,6000
717,apartment,3058,3,3,2006,3.4,urban,0,true,false,mountain,1937,46862,5.9,2.0,5.8,1.4,136538,4622,479,oil,window,basement,tile,7,1/28/2022,631852,5/26/2020,1200
718,townhouse,2269,5,4,1942,4.7,rural,0,false,true,city,2015,20603,7.2,4.0,2.3,3.9,68620,2398,378,gas,none,slab,tile,2,1/17/2021,753814,11/7/2021,3500
719,house,1088,3,4,2020,0.8,urban,3,false,true,city,1947,12026,8.4,5.6,4.1,7.7,46319,4965,309,electric,none,slab,asphalt,1,8/6/2021,378150,7/19/2020,3000
720,condo,1606,4,3,1932,1.8,urban,0,false,false,mountain,1960,48855,9.7,7.6,6.6,2.7,95495,2787,466,gas,window,crawl space,metal,8,12/4/2021,764838,3/19/2022,1400
721,condo,2189,4,1,1917,6.4,suburban,3,false,true,mountain,1917,17007,0.7,8.8,7.8,6.7,21233,2120,488,oil,none,crawl space,asphalt,10,5/12/2020,685026,4/7/2020,3900
722,house,2340,5,3,2014,8.6,rural,0,false,false,ocean,2007,13954,9.4,6.0,8.8,2.5,146778,3355,159,electric,central,crawl space,asphalt,9,12/31/2021,348910,4/20/2022,2400
723,townhouse,2078,2,2,2017,0.5,suburban,3,false,false,mountain,1908,5242,4.0,9.1,4.2,5.1,114566,3310,493,electric,none,basement,asphalt,2,7/7/2021,982894,6/12/2021,18600
724,condo,2579,5,3,1941,8.8,rural,1,true,true,city,1983,28740,3.7,2.1,1.7,0.8,112782,3812,211,electric,central,basement,asphalt,8,1/27/2020,924906,9/15/2022,3100
725,house,4025,4,2,2008,2.3,urban,2,false,true,ocean,2010,47689,4.9,9.2,0.9,4.3,111173,927,60,oil,window,slab,metal,1,4/22/2021,503643,11/5/2020,900
726,condo,2388,2,4,1927,3.0,rural,3,false,true,city,1985,26614,3.6,0.3,9.8,0.4,61670,2143,375,oil,window,crawl space,asphalt,2,11/27/2020,991028,1/13/2021,3600
727,house,3321,3,1,1938,9.1,urban,3,false,true,ocean,2007,27247,6.9,4.5,7.5,4.4,144527,503,269,electric,window,basement,tile,7,4/12/2022,389502,5/29/2021,1300
728,house,1595,6,3,1944,0.7,urban,0,false,true,mountain,2022,20854,8.8,1.8,6.4,3.4,27993,1629,228,electric,none,crawl space,metal,3,8/11/2022,688232,9/12/2020,3200
729,condo,2230,4,3,1918,5.0,suburban,1,true,false,ocean,1988,13858,7.4,2.2,1.3,5.7,106772,2268,343,gas,central,crawl space,tile,7,7/4/2022,563547,1/5/2021,3900
730,condo,1594,4,2,1955,2.9,rural,2,false,false,ocean,1979,24696,7.9,2.0,3.5,2.4,80535,4472,232,gas,central,slab,metal,5,6/22/2021,274851,12/5/2022,1000
731,apartment,3989,1,3,1927,2.6,urban,3,true,true,ocean,1923,41881,7.0,4.0,6.5,7.9,58794,2534,244,electric,none,crawl space,asphalt,8,2/13/2022,65274,10/6/2022,0
732,condo,4169,1,3,1971,1.8,suburban,2,true,false,city,1937,16455,6.6,1.5,6.9,0.8,115219,2454,390,electric,window,crawl space,tile,8,1/13/2022,981025,12/13/2021,5800
733,house,3996,3,2,1970,9.6,rural,1,false,true,mountain,2018,14910,8.0,2.8,3.4,6.6,60990,4163,414,oil,window,slab,tile,9,3/31/2020,350717,4/19/2020,2200
734,apartment,1750,1,4,1996,9.2,suburban,3,false,true,city,2016,37832,2.7,5.4,9.3,7.4,26832,2444,77,gas,none,slab,tile,1,2/11/2022,104950,2/11/2022,100
735,house,2576,3,1,2009,2.3,suburban,2,true,false,city,1940,28398,1.9,0.4,4.6,1.6,27624,4696,169,gas,none,slab,tile,3,5/24/2021,963264,2/15/2020,3200
736,townhouse,547,1,1,1940,2.9,urban,3,true,false,mountain,2012,9077,4.5,8.1,9.6,7.1,31041,3367,445,oil,central,slab,metal,8,8/18/2020,969859,4/26/2022,10500
737,condo,1022,2,2,1933,6.0,urban,2,false,true,ocean,1961,40723,4.7,8.5,5.6,7.3,72881,1705,448,electric,central,slab,tile,10,8/1/2020,60238,1/22/2020,0
738,house,4078,3,4,2005,5.9,rural,3,false,true,ocean,1951,29463,4.8,1.0,1.1,1.0,61452,4291,372,oil,central,slab,tile,10,11/18/2022,128109,2/6/2020,300
739,townhouse,1985,6,4,1961,7.4,urban,2,false,false,mountain,1946,46025,8.0,0.3,8.1,7.7,107457,4262,308,gas,window,basement,asphalt,3,8/1/2020,472610,2/23/2020,900
740,condo,3064,3,3,1923,7.3,urban,2,true,true,ocean,2011,21101,1.2,3.2,2.3,4.9,44153,2188,373,oil,window,crawl space,metal,5,10/24/2021,854950,12/16/2021,3900
741,townhouse,862,6,4,2011,8.5,rural,2,true,false,city,2000,7137,9.3,5.2,4.3,4.9,127628,2155,331,gas,central,basement,metal,2,9/14/2022,977538,3/9/2022,13500
742,apartment,1372,2,1,1954,1.6,urban,0,false,true,ocean,1932,46659,2.3,7.5,4.7,0.2,73024,3250,163,electric,none,slab,metal,5,10/27/2021,277381,1/15/2022,400
743,condo,4677,2,4,1937,5.0,urban,0,false,false,city,1930,47338,9.6,4.7,1.3,7.6,80989,3687,376,electric,none,crawl space,asphalt,10,7/3/2022,120491,5/10/2022,100
744,house,1339,3,1,1986,2.6,suburban,0,false,false,city,1932,45763,0.1,2.6,2.6,5.9,60293,4208,65,oil,central,slab,asphalt,3,9/15/2022,828019,1/21/2021,1700
745,condo,1027,6,4,1934,1.1,urban,0,false,true,mountain,1932,46858,5.3,7.1,8.4,4.2,29119,2067,482,oil,none,basement,asphalt,5,5/24/2021,948061,11/19/2021,1900
746,townhouse,1842,6,4,1924,1.0,rural,3,false,true,ocean,1976,19862,9.6,7.1,2.1,3.5,83670,3294,94,gas,window,slab,metal,5,5/13/2020,390848,5/18/2022,1800
747,townhouse,1147,2,3,2020,2.2,rural,0,false,true,ocean,1908,45489,9.0,4.9,7.7,4.6,77686,1054,483,oil,none,crawl space,asphalt,6,10/2/2021,412559,8/15/2022,800
748,townhouse,1779,1,3,2018,8.9,urban,3,false,false,ocean,2004,18931,7.0,3.5,2.9,2.8,62297,1454,454,oil,none,slab,metal,3,12/14/2022,763192,2/23/2020,3900
749,house,2527,3,2,1933,9.2,rural,2,true,false,city,1900,41299,6.0,2.8,0.8,2.5,46817,4113,143,oil,central,basement,metal,8,12/2/2022,439434,12/7/2020,900
750,townhouse,2387,6,3,1986,4.9,suburban,2,false,true,city,1985,7895,4.5,6.2,9.2,4.1,68925,779,68,oil,window,basement,metal,4,7/8/2022,316660,5/29/2021,3900
751,condo,4460,6,4,2006,8.6,urban,2,false,true,city,1901,32739,5.7,7.8,9.5,3.3,117020,616,237,electric,central,crawl space,metal,9,1/10/2020,594679,8/8/2021,1700
752,apartment,2565,6,2,1912,5.7,urban,0,true,true,ocean,1906,5254,1.8,10.0,5.4,3.2,104014,3816,112,electric,central,crawl space,tile,1,6/23/2021,623634,1/10/2020,11700
753,condo,566,5,3,2001,5.8,urban,0,false,true,ocean,2005,32514,0.2,8.7,8.0,4.8,108002,3114,149,electric,window,basement,asphalt,1,5/22/2022,926256,1/25/2021,2700
754,apartment,3116,6,2,1924,7.2,suburban,0,true,true,city,2000,49313,4.5,0.5,5.3,7.1,120728,2196,214,electric,window,slab,asphalt,7,1/22/2022,266888,7/26/2020,400
755,house,3921,4,4,1963,8.8,rural,2,true,true,mountain,1988,43789,9.2,7.0,7.1,9.9,133663,3629,152,oil,window,basement,metal,10,8/29/2020,219256,8/12/2021,400
756,apartment,1709,5,2,1967,8.2,urban,1,true,false,city,1958,37474,9.0,5.4,3.8,2.3,96517,4414,434,oil,window,slab,asphalt,2,5/11/2022,830472,12/8/2022,2100
757,condo,3284,3,3,1912,6.6,suburban,3,false,false,mountain,2010,28917,7.1,8.1,1.0,5.0,57211,3912,292,oil,window,slab,asphalt,7,2/18/2020,311876,8/6/2022,900
758,house,3219,4,4,1917,0.5,suburban,3,false,true,city,2021,43400,1.7,1.3,7.0,9.6,93987,2083,413,oil,window,basement,asphalt,7,2/13/2020,852258,1/2/2020,1800
759,townhouse,3725,6,4,1930,2.2,urban,1,false,true,mountain,1979,36803,9.7,1.0,0.6,2.3,128549,1917,497,oil,none,slab,asphalt,2,9/10/2022,210579,10/21/2020,400
760,townhouse,1173,4,4,1932,2.9,rural,2,true,false,mountain,2000,16671,2.9,7.9,2.3,5.4,55626,3387,422,gas,none,slab,asphalt,7,2/24/2022,413442,9/21/2022,2300
761,apartment,3603,1,4,1964,8.0,urban,1,false,true,mountain,2011,8255,2.5,4.0,9.5,1.9,24705,1899,482,electric,window,slab,tile,6,7/28/2021,492731,5/16/2021,5800
762,house,1221,5,3,1952,6.8,urban,3,false,false,city,1990,45529,3.0,5.5,4.1,5.2,109951,4694,90,electric,central,basement,asphalt,9,8/6/2021,750206,6/1/2021,1500
763,condo,1832,4,4,1996,4.8,urban,0,true,false,ocean,1940,34669,4.6,1.1,2.0,1.4,37732,2446,445,gas,none,basement,tile,4,9/13/2022,398903,7/2/2021,1000
764,house,2507,3,1,1973,10.0,suburban,1,false,true,mountain,1906,42102,2.5,7.7,7.6,4.7,35757,3975,423,electric,none,slab,metal,10,2/15/2022,381849,8/12/2020,800
765,condo,3510,5,2,1925,5.1,suburban,1,false,true,mountain,2016,5953,0.2,2.9,8.8,6.0,65392,2674,122,electric,window,basement,asphalt,5,10/2/2020,522552,2/7/2020,8600
766,apartment,1353,5,1,1981,8.3,suburban,3,true,false,ocean,2008,36068,7.7,1.0,8.2,2.6,70449,3988,484,electric,window,slab,metal,5,11/5/2021,634168,5/5/2020,1600
767,townhouse,757,3,2,1988,8.4,rural,3,false,false,ocean,1971,7020,8.8,2.4,6.0,3.9,68504,4505,104,oil,none,crawl space,metal,3,3/30/2020,626572,12/12/2022,8800
768,apartment,2267,5,3,2013,3.7,suburban,1,true,false,ocean,2008,11195,8.4,7.0,3.8,8.5,107010,1546,486,oil,central,basement,tile,6,2/6/2020,746971,12/20/2021,6500
769,condo,2339,4,4,2017,1.1,urban,0,true,true,ocean,2010,3695,2.3,5.9,2.9,6.2,57746,3337,458,oil,central,slab,asphalt,5,10/6/2020,985805,5/19/2020,26500
770,apartment,518,6,1,1975,4.6,urban,1,true,false,city,1981,48228,5.2,3.9,3.4,0.5,140169,3020,215,electric,central,basement,tile,6,1/22/2021,251177,12/14/2022,400
771,townhouse,2866,1,1,1991,1.2,suburban,1,false,false,mountain,1983,36578,5.7,8.5,5.3,9.8,83182,678,74,gas,window,basement,tile,1,2/19/2021,599887,9/18/2021,1500
772,apartment,2733,1,1,1937,3.9,urban,1,true,true,city,1998,45158,6.6,1.5,7.2,3.6,70696,4725,446,oil,central,basement,metal,6,3/16/2020,772755,5/8/2022,1600
773,house,1955,2,2,1993,8.8,suburban,0,false,true,ocean,1916,17207,5.7,6.3,4.3,8.9,63562,2858,105,oil,central,basement,asphalt,2,9/28/2020,389324,6/5/2022,2100
774,townhouse,2259,2,2,1937,3.6,urban,0,false,false,city,1991,5874,3.2,3.3,0.9,5.7,23127,1396,154,oil,none,slab,tile,4,11/4/2020,186127,7/26/2021,3000
775,condo,4122,2,1,1909,0.1,urban,1,false,true,mountain,1968,17524,1.0,8.1,4.6,2.9,148198,2023,184,gas,window,slab,metal,10,4/1/2021,288151,2/19/2021,1500
776,condo,3402,6,2,1956,2.5,urban,0,true,false,ocean,1984,30329,7.3,2.6,7.7,4.6,98377,2822,481,electric,window,basement,metal,10,1/8/2021,181282,11/13/2022,400
777,townhouse,3579,5,1,1965,5.6,urban,2,false,true,mountain,1919,4900,8.6,9.6,5.5,6.6,79402,3104,450,gas,window,crawl space,asphalt,4,12/31/2021,640816,11/9/2020,12900
778,house,2132,3,1,1977,5.5,suburban,2,false,true,ocean,2006,26480,8.6,9.3,0.8,0.5,129646,2048,377,gas,central,crawl space,asphalt,5,10/12/2021,146014,2/22/2021,400
779,townhouse,4624,5,4,2001,2.9,suburban,2,false,true,ocean,1946,7144,1.8,4.8,10.0,1.3,85728,1635,167,electric,none,basement,tile,5,4/19/2022,891295,11/27/2022,12300
780,townhouse,4908,2,3,1908,8.3,suburban,2,true,false,mountain,1978,35868,9.0,2.0,7.5,0.4,76420,3336,481,oil,window,crawl space,tile,10,4/5/2022,244499,4/3/2022,500
781,townhouse,4740,6,3,1931,8.1,rural,0,true,false,mountain,1910,11625,7.9,4.4,5.3,0.6,92489,972,55,gas,none,crawl space,metal,1,4/17/2022,327181,4/20/2022,2700
782,townhouse,4360,1,2,1921,7.7,suburban,2,true,false,city,2017,26046,3.0,4.6,7.9,3.9,37097,4234,446,electric,window,basement,metal,1,2/11/2020,188579,7/14/2020,600
783,townhouse,3183,1,2,1920,2.5,rural,1,true,true,city,1960,29674,6.4,0.9,3.0,5.0,87092,3166,408,electric,none,basement,metal,7,10/7/2022,235099,7/30/2021,600
784,house,4521,5,4,2015,7.2,rural,3,true,true,city,2007,30451,2.9,5.5,0.5,1.1,87031,1815,429,electric,window,slab,tile,7,4/25/2021,801116,3/20/2022,2500
785,townhouse,4718,5,3,1990,6.7,urban,1,false,false,mountain,1930,13440,1.7,8.4,6.8,3.9,62088,1537,333,electric,none,crawl space,asphalt,4,1/19/2020,758544,1/16/2021,5500
786,condo,3010,4,3,1959,9.3,urban,0,false,true,mountain,1939,36316,4.4,3.0,8.5,4.0,140859,5000,242,electric,window,slab,metal,2,12/28/2021,816344,11/8/2022,2100
787,condo,3670,2,2,1939,8.8,suburban,1,true,false,mountain,1941,11924,7.8,3.1,1.0,7.5,140829,4565,55,oil,central,basement,metal,5,3/20/2020,874982,3/13/2022,7200
788,condo,1240,6,1,1907,7.7,suburban,2,true,false,ocean,1930,30669,8.1,9.9,3.7,6.1,80536,3262,62,oil,central,basement,tile,10,8/12/2020,177791,7/29/2020,400
789,condo,3877,5,3,1987,3.9,urban,0,false,true,mountain,1997,25006,4.7,2.0,7.4,6.0,120257,4740,108,gas,none,slab,metal,4,5/8/2020,678652,12/8/2021,2600
790,townhouse,4138,3,3,2011,6.9,urban,3,true,false,city,1990,10793,8.1,1.7,2.8,8.2,77495,1321,407,electric,none,basement,metal,4,3/11/2021,326201,5/16/2021,2900
791,townhouse,1945,2,4,2015,9.2,suburban,1,false,false,city,2021,47389,8.3,3.3,1.5,7.9,83834,2145,352,electric,none,basement,tile,9,3/22/2021,470934,11/5/2022,800
792,condo,3348,2,2,1965,2.6,suburban,3,true,true,mountain,1950,28543,6.8,4.1,6.0,7.5,113907,3301,405,electric,window,crawl space,asphalt,9,5/15/2022,483117,12/22/2020,1500
793,condo,4340,5,4,1934,3.8,rural,2,true,false,city,1917,20785,0.3,7.8,4.3,2.4,107313,3159,293,electric,central,slab,tile,8,4/22/2020,181293,7/20/2022,700
794,townhouse,1653,3,3,1985,0.6,urban,3,false,false,ocean,1922,14570,7.7,3.5,5.7,6.8,27724,1100,428,electric,window,crawl space,asphalt,3,4/12/2020,78046,4/3/2022,400
795,apartment,4849,3,2,1919,4.6,urban,1,false,true,city,1905,34284,4.9,4.5,9.5,5.0,26671,4914,327,oil,none,slab,tile,10,5/24/2021,326829,6/1/2022,800
796,condo,4121,3,3,1965,4.4,urban,1,false,false,city,1992,4773,2.2,5.3,8.6,3.6,123616,4957,427,gas,none,slab,asphalt,3,7/29/2022,469159,1/10/2020,9700
797,house,3532,5,2,1937,1.5,suburban,1,true,true,mountain,1995,2643,7.9,2.0,9.6,3.6,63475,2801,144,gas,none,basement,metal,9,8/21/2020,974637,6/10/2020,36700
798,house,3383,3,2,1972,9.7,suburban,3,false,false,ocean,1986,4286,4.7,9.3,0.2,8.3,149138,1813,406,oil,none,basement,asphalt,6,9/28/2020,372554,10/26/2022,8500
799,house,3948,5,4,2019,6.7,suburban,1,false,true,ocean,1976,37517,1.4,3.2,0.8,8.4,131626,1793,103,oil,window,slab,tile,2,12/18/2020,935618,6/22/2022,2300
800,apartment,700,6,4,1958,3.2,suburban,1,true,true,mountain,1950,35691,8.2,5.0,4.2,1.0,97420,3638,208,gas,window,slab,metal,6,11/18/2020,207291,9/12/2022,400
801,townhouse,2603,3,4,1914,9.7,rural,2,true,true,mountain,1917,42153,8.5,0.3,9.4,7.0,112788,4577,384,electric,central,crawl space,asphalt,5,12/8/2020,702457,1/8/2020,1500
802,apartment,4275,1,1,1921,9.4,rural,0,true,true,city,1920,5424,0.6,4.9,4.5,8.7,105662,2352,204,electric,window,crawl space,tile,2,5/4/2022,871448,9/15/2022,15900
803,townhouse,1064,3,4,1986,9.4,suburban,3,true,true,mountain,1975,8482,3.0,4.5,3.9,2.4,112314,4237,224,electric,none,crawl space,tile,9,6/20/2022,550780,4/1/2021,6300
804,townhouse,911,5,1,1979,0.6,urban,1,true,true,city,1924,42324,6.8,5.3,8.7,5.6,142427,1756,477,oil,window,slab,tile,6,5/25/2021,411326,11/20/2021,800
805,townhouse,704,5,2,1959,1.7,urban,1,false,false,city,1949,34161,8.3,1.5,6.0,8.6,47102,4884,228,electric,none,basement,tile,8,12/12/2022,406750,6/15/2022,1000
806,townhouse,3091,4,4,1941,0.6,rural,1,true,true,ocean,1901,26159,6.0,3.0,1.2,6.4,43079,3266,54,oil,central,crawl space,metal,7,3/22/2021,536110,6/5/2022,1900
807,townhouse,1269,3,3,1914,2.2,rural,2,false,true,mountain,1992,26164,2.6,8.5,6.2,5.1,107898,3815,215,electric,central,basement,metal,8,1/31/2022,640765,8/6/2020,2300
808,house,724,2,4,1956,1.7,suburban,1,true,true,city,1949,4482,10.0,4.0,3.0,3.8,93835,4306,181,electric,central,basement,tile,6,10/26/2020,99305,5/29/2022,2100
809,townhouse,3523,2,3,1950,5.1,suburban,3,false,false,city,1940,27319,5.1,1.1,2.9,6.0,91525,3745,369,electric,central,basement,metal,9,9/12/2022,678577,7/11/2022,2300
810,apartment,2681,4,2,1933,3.7,suburban,1,false,false,ocean,1966,36996,3.0,1.8,8.2,6.7,64264,979,406,oil,window,basement,tile,5,3/27/2021,889546,10/5/2021,2300
811,apartment,2421,2,4,1913,1.0,urban,2,false,true,city,1962,1213,5.4,5.1,9.7,4.6,23533,550,266,electric,none,crawl space,asphalt,5,6/17/2020,637997,11/3/2021,52400
812,condo,697,6,3,1981,4.1,suburban,1,false,true,city,1997,10356,2.4,5.6,5.0,8.6,139387,1573,150,oil,window,crawl space,asphalt,1,4/10/2022,572594,3/29/2021,5400
813,condo,3250,6,2,1987,8.5,rural,1,false,true,city,2003,19014,7.1,5.1,8.3,9.2,26706,3036,467,gas,central,slab,asphalt,4,9/21/2021,710634,1/6/2022,3600
814,apartment,1242,2,4,1928,2.1,rural,2,false,true,mountain,1925,14439,2.9,6.3,0.7,2.1,135489,3303,136,oil,window,basement,asphalt,5,1/6/2022,850676,11/12/2020,5700
815,townhouse,2177,4,3,2003,9.8,rural,2,true,false,mountain,1987,27730,5.9,7.1,0.7,6.0,84304,974,233,electric,central,crawl space,asphalt,10,10/28/2022,577951,3/1/2021,1900
816,apartment,2221,4,1,1935,4.6,suburban,0,false,false,ocean,1945,12358,7.0,5.4,6.6,2.2,28581,4955,329,electric,window,crawl space,tile,10,9/28/2021,574573,10/4/2021,4500
817,condo,2717,3,2,1917,7.1,urban,0,true,true,city,1914,45798,4.3,5.3,7.8,4.5,58372,2229,346,gas,central,crawl space,metal,10,8/31/2022,552978,3/8/2021,1100
818,townhouse,1784,2,4,1915,4.7,rural,1,false,true,city,2005,17934,8.0,8.0,0.5,9.1,135464,3395,380,electric,central,basement,asphalt,4,1/30/2020,984627,2/18/2021,5300
819,house,2405,6,4,1994,1.6,suburban,2,false,false,ocean,1900,20126,6.6,3.1,5.0,1.4,44353,2955,55,gas,central,crawl space,metal,4,9/6/2021,916937,9/24/2020,4400
820,house,4778,2,1,1935,8.9,rural,1,false,false,city,1951,12221,2.4,4.2,8.1,4.3,23911,1420,486,electric,window,crawl space,tile,2,4/1/2021,216235,10/11/2020,1600
821,condo,4335,4,3,1904,5.2,rural,0,false,true,city,1924,37130,2.7,9.3,1.3,8.3,86969,848,74,oil,window,basement,tile,6,6/9/2021,529598,5/21/2021,1300
822,townhouse,4036,4,1,2003,1.0,rural,2,true,true,mountain,1970,22014,1.0,2.8,0.3,4.7,136706,828,470,gas,window,basement,asphalt,8,8/23/2020,891689,12/6/2020,3900
823,apartment,2082,1,1,1912,0.9,suburban,1,true,true,city,1957,44826,1.6,2.8,5.3,2.9,76902,1944,309,electric,none,slab,metal,5,10/5/2022,585138,2/25/2020,1200
824,house,3949,5,2,2014,8.9,rural,0,false,false,mountain,1993,3022,7.4,8.1,6.9,0.2,146281,1532,260,electric,none,basement,metal,3,7/11/2020,671229,5/5/2020,22100
825,apartment,3230,5,4,1951,9.2,rural,2,true,false,ocean,1967,25530,5.7,10.0,7.2,7.9,127211,1493,332,oil,window,basement,metal,4,1/11/2022,397858,4/8/2021,1400
826,house,2847,2,4,1933,3.6,suburban,3,false,false,city,1944,25996,6.0,9.7,6.5,2.4,53898,1425,317,gas,window,slab,metal,7,2/21/2022,941294,6/23/2021,3500
827,townhouse,4369,3,3,1976,5.4,urban,1,false,false,city,2016,8819,8.8,7.7,1.7,1.3,103935,839,235,oil,central,slab,tile,3,12/20/2020,444312,1/11/2021,4900
828,apartment,4664,3,2,1962,0.2,suburban,0,true,false,ocean,1900,24207,2.6,7.8,5.7,7.1,143546,4704,205,gas,central,crawl space,asphalt,8,10/6/2021,916352,6/6/2021,3600
829,condo,1803,6,3,1954,8.7,urban,3,true,false,ocean,2005,11369,2.5,6.3,1.0,7.9,133522,3362,159,gas,window,crawl space,metal,6,10/10/2021,879621,4/2/2021,7600
830,condo,2217,1,2,1987,2.8,suburban,2,false,true,city,1948,17928,10.0,3.9,3.4,4.9,106698,4832,465,electric,central,crawl space,metal,10,9/10/2022,201059,2/18/2022,1000
831,house,3700,4,4,1981,5.1,urban,3,true,false,mountain,1948,18111,9.5,7.0,2.5,3.0,83299,3399,491,electric,window,slab,asphalt,9,9/8/2021,702283,11/15/2021,3700
832,townhouse,4790,2,2,1919,8.5,rural,1,true,false,ocean,1995,42146,1.1,0.3,7.4,8.2,80073,574,180,oil,window,basement,metal,4,4/25/2022,782354,6/7/2020,1700
833,condo,4933,6,1,2020,6.4,rural,1,true,false,ocean,1973,1527,6.7,2.3,5.4,1.6,144392,2078,205,gas,none,basement,metal,8,5/17/2022,381989,3/22/2021,24900
834,house,661,6,4,2009,1.6,suburban,1,false,true,city,1951,9476,9.7,7.0,8.9,4.1,50549,3562,333,oil,central,basement,tile,5,7/6/2021,69044,5/29/2022,600
835,condo,2524,5,2,1900,2.0,rural,3,false,true,mountain,1904,32858,8.1,3.4,8.8,4.8,24196,4405,232,electric,none,slab,asphalt,7,4/11/2020,155519,11/21/2021,300
836,house,1083,1,4,1948,9.9,urban,3,true,true,ocean,1934,11650,4.5,4.8,1.1,5.2,111627,1384,81,electric,none,slab,metal,8,5/3/2020,345179,9/5/2021,2800
837,house,2045,3,1,2012,4.5,suburban,3,false,true,ocean,1960,24756,1.2,9.6,4.5,4.8,115342,3502,368,oil,central,crawl space,tile,1,8/31/2020,276829,2/14/2020,1000
838,house,1957,6,2,1965,9.9,rural,0,true,false,ocean,1918,8389,0.4,6.7,7.1,2.9,41493,2165,110,gas,none,slab,metal,9,1/17/2021,292519,1/17/2021,3300
839,townhouse,2006,6,2,1957,7.3,rural,3,true,false,city,1956,43198,1.7,7.1,0.6,1.9,141124,2503,75,oil,central,slab,metal,2,10/24/2022,661260,12/6/2022,1400
840,apartment,2583,3,1,1977,3.5,rural,2,true,false,ocean,1985,28949,1.6,1.1,0.4,9.0,38645,2529,139,gas,central,basement,asphalt,1,2/17/2021,263607,6/29/2020,800
841,townhouse,1162,4,4,1996,6.8,suburban,2,true,false,ocean,1901,44629,8.7,2.3,0.4,6.2,130527,2303,413,oil,window,basement,asphalt,6,10/23/2020,419515,9/21/2020,800
842,townhouse,1551,5,1,1924,3.6,urban,3,false,true,city,2012,33883,2.8,0.9,3.0,9.3,22811,3844,96,gas,central,crawl space,metal,5,8/30/2020,850892,7/24/2020,2400
843,townhouse,3989,4,4,1975,8.9,suburban,1,false,false,ocean,1998,21263,1.3,4.1,6.6,6.1,39254,3272,490,electric,none,crawl space,metal,3,9/4/2021,613029,7/5/2020,2700
844,condo,3395,6,4,1926,8.1,suburban,0,false,true,ocean,1977,43322,8.6,9.8,4.0,8.7,88570,4430,285,oil,none,crawl space,tile,5,5/8/2020,129911,2/17/2020,100
845,condo,1084,3,3,1987,0.8,rural,1,false,true,mountain,1948,18035,4.8,4.0,5.5,4.5,138299,1246,202,gas,window,crawl space,asphalt,6,3/22/2021,510161,8/8/2020,2700
846,townhouse,2324,6,4,1943,5.3,rural,3,true,true,city,1975,28563,9.6,5.0,0.5,4.4,43643,2448,145,oil,window,basement,metal,6,6/8/2021,769488,10/30/2021,2500
847,house,4837,1,4,1955,2.8,rural,2,false,false,city,1974,10358,4.6,9.2,6.4,0.6,88797,603,144,oil,none,slab,asphalt,5,3/15/2021,738757,7/23/2021,7000
848,condo,1659,6,3,2021,4.5,urban,0,true,false,mountain,1988,37411,1.6,6.6,3.0,3.1,79878,1318,272,oil,none,slab,metal,8,5/7/2021,752987,11/30/2020,1900
849,condo,3659,1,3,1939,7.9,rural,2,false,true,mountain,2019,39014,2.9,1.5,6.7,1.2,40242,2737,343,oil,central,crawl space,metal,7,3/20/2021,250064,1/5/2020,500
850,house,2801,4,3,1996,6.9,rural,1,false,false,ocean,1930,39955,1.3,6.5,4.9,1.8,104075,1581,127,electric,window,slab,metal,1,4/20/2020,405959,7/25/2022,900
851,townhouse,1947,1,4,1973,3.9,urban,0,true,false,mountain,1914,32543,7.7,9.1,1.2,7.5,87651,3136,439,electric,none,slab,asphalt,3,2/3/2021,548253,11/19/2021,1500
852,condo,922,5,1,1980,7.7,urban,3,true,false,city,1901,36186,8.0,2.0,9.2,9.6,73897,2353,51,gas,none,crawl space,tile,5,2/12/2020,248188,1/7/2020,500
853,apartment,2789,3,3,1970,5.7,rural,0,true,false,city,2022,7543,3.6,0.3,1.0,3.8,104249,4095,209,electric,none,basement,metal,4,4/21/2020,445831,9/23/2020,5800
854,house,850,2,2,2002,6.9,rural,3,true,true,city,1907,6680,9.4,2.8,7.1,8.9,26402,4294,183,electric,window,slab,asphalt,10,3/11/2021,68736,7/20/2020,900
855,condo,2460,4,3,1970,1.8,urban,1,true,true,mountain,1981,38040,2.6,3.5,2.7,1.4,124546,4663,236,electric,window,slab,asphalt,3,7/23/2021,209626,1/16/2022,400
856,apartment,4937,4,3,2003,9.2,rural,0,false,true,city,1933,7898,6.3,1.1,8.7,2.1,41344,4606,317,electric,none,slab,tile,3,5/13/2022,794420,3/22/2022,9900
857,condo,3906,1,1,1949,3.4,rural,3,true,false,ocean,1928,27161,7.0,8.2,5.7,4.2,59037,918,225,oil,central,basement,metal,1,12/27/2021,282320,11/16/2022,900
858,condo,860,3,1,2013,0.7,suburban,3,true,false,city,1922,36660,5.4,9.3,5.5,0.2,93307,4094,380,gas,none,slab,tile,1,8/15/2022,449552,5/24/2020,1100
859,house,595,1,1,1914,7.1,suburban,3,true,true,city,1998,29076,8.6,3.3,3.9,0.4,110796,2027,222,gas,window,slab,metal,7,2/28/2020,422195,8/12/2020,1300
860,house,4778,6,4,1911,2.4,urban,1,false,false,ocean,1962,4356,5.4,2.1,9.3,6.1,38967,3180,299,oil,window,basement,asphalt,3,1/12/2021,285667,5/1/2020,6400
861,condo,2738,6,3,1985,7.8,suburban,3,true,true,mountain,2006,25902,0.6,6.8,8.0,5.3,26750,2659,421,electric,window,crawl space,tile,8,6/23/2020,403671,5/9/2020,1400
862,townhouse,644,6,2,1932,3.2,rural,2,true,true,city,1977,41466,0.4,7.9,6.0,6.5,70718,4873,96,oil,window,basement,asphalt,8,3/14/2021,94596,1/8/2021,100
863,townhouse,2564,1,1,1966,4.2,suburban,2,false,true,ocean,1963,38697,3.5,1.8,0.8,6.8,57720,4202,316,oil,none,crawl space,asphalt,2,10/7/2020,83906,12/29/2022,100
864,house,1524,1,4,1940,3.2,urban,2,true,true,ocean,1970,34168,4.8,1.5,1.7,1.2,137765,947,87,oil,none,basement,tile,2,3/3/2021,785290,8/9/2020,2100
865,house,1209,5,3,1927,7.0,suburban,2,true,true,ocean,2005,27591,0.7,0.7,1.0,6.9,142066,3449,278,electric,central,slab,metal,1,10/28/2021,591136,5/7/2021,2000
866,condo,3634,3,2,1962,8.8,urban,1,false,false,city,1989,29259,6.6,8.7,7.8,6.6,110722,3644,255,electric,none,crawl space,metal,7,7/21/2021,598826,4/29/2021,1900
867,apartment,3479,5,1,1987,4.9,suburban,0,true,false,mountain,1942,29252,2.9,7.3,6.8,8.3,39057,3906,100,gas,central,basement,asphalt,10,1/20/2021,465130,4/2/2021,1400
868,apartment,979,2,1,1951,3.7,rural,3,true,false,ocean,1958,39502,7.5,2.6,0.1,2.3,34845,2206,304,gas,none,crawl space,metal,1,3/10/2020,643382,9/6/2021,1500
869,apartment,1120,6,1,1949,7.0,urban,2,true,true,ocean,2020,15763,2.2,3.6,3.8,7.5,20201,1692,234,electric,central,crawl space,metal,1,3/8/2021,478307,1/10/2022,2900
870,house,2310,3,4,1971,4.2,rural,1,false,true,ocean,1942,36338,6.7,5.4,2.0,6.9,43927,808,97,gas,window,slab,metal,10,10/17/2020,751407,5/9/2021,1900
871,house,1852,6,4,1928,9.2,urban,1,true,false,mountain,1944,8277,4.9,4.0,6.3,8.1,21677,1761,250,oil,none,basement,metal,10,6/7/2020,115076,12/5/2022,1200
872,apartment,2633,6,2,2004,1.3,suburban,1,false,true,city,1928,35746,7.5,2.4,9.0,5.5,25310,556,487,gas,none,basement,asphalt,5,11/25/2020,512619,1/8/2020,1300
873,townhouse,3779,1,1,2021,5.6,rural,1,false,true,ocean,1919,20141,6.3,5.9,4.5,5.1,24517,2372,278,gas,none,crawl space,asphalt,8,7/9/2022,239853,11/15/2020,1000
874,apartment,2115,1,1,1901,7.7,suburban,2,false,true,mountain,1985,39996,4.1,2.2,3.6,7.4,42116,4691,66,gas,window,basement,metal,7,1/3/2022,964252,5/21/2022,2300
875,apartment,1557,5,2,2016,8.4,suburban,2,true,false,ocean,1920,16922,3.8,4.6,1.6,6.8,55551,4912,275,electric,central,basement,tile,3,2/6/2020,865646,5/7/2022,5000
876,house,1483,5,4,1926,4.7,rural,1,false,true,city,1998,19238,9.0,9.9,5.4,4.1,115438,4943,128,gas,central,basement,asphalt,1,4/9/2022,350560,8/21/2022,1700
877,condo,1822,6,1,1976,9.3,urban,2,true,false,mountain,1926,40234,8.0,0.6,3.3,3.7,138535,2826,122,oil,none,basement,metal,1,5/19/2020,153207,9/17/2020,200
878,condo,4205,2,2,2009,9.5,suburban,1,false,false,city,1904,44191,2.0,0.9,2.1,6.3,75798,3058,131,oil,none,crawl space,tile,7,4/10/2020,502895,4/24/2020,1000
879,house,1760,3,4,1923,8.1,urban,0,true,false,mountain,1941,35378,1.0,7.6,6.8,3.3,149384,1713,94,oil,central,slab,tile,4,11/11/2021,71277,8/6/2020,100
880,apartment,954,3,4,1946,1.4,suburban,3,false,false,city,1947,39525,1.0,1.3,7.1,8.9,36200,3589,246,oil,window,basement,metal,2,9/24/2022,80479,4/3/2021,100
881,townhouse,1422,6,3,1973,9.1,suburban,1,true,true,mountain,2001,20407,7.2,5.3,6.5,3.7,48386,3536,352,oil,window,basement,metal,6,10/30/2022,444519,5/18/2020,2000
882,house,4947,5,1,1986,2.2,urban,3,true,false,ocean,1971,43072,1.0,9.7,8.8,4.8,31124,3377,290,oil,central,slab,metal,4,3/3/2021,139037,4/12/2020,200
883,condo,999,6,1,1945,6.2,suburban,1,true,true,mountain,1985,13962,6.7,9.4,4.4,0.7,22095,4714,396,oil,none,slab,metal,4,5/18/2021,79949,12/29/2021,400
884,condo,2389,3,3,1964,0.7,rural,1,true,false,city,2006,47051,8.4,0.6,2.3,0.4,44550,2367,445,electric,central,basement,asphalt,10,7/11/2020,554334,9/25/2022,1000
885,apartment,3609,3,2,1952,1.4,rural,3,false,true,ocean,1941,21507,6.1,4.4,7.4,9.9,126181,2421,330,electric,window,crawl space,metal,3,7/16/2021,796992,5/18/2020,3600
886,house,2531,1,1,2015,8.3,rural,1,false,false,city,2011,20423,4.9,6.4,8.0,6.1,47495,4611,385,gas,none,slab,metal,4,1/12/2020,474085,12/28/2020,2200
887,house,4788,4,2,1997,1.2,urban,1,false,true,mountain,1959,45342,1.6,6.4,8.0,7.9,74175,1338,236,electric,none,crawl space,metal,4,11/5/2020,775977,10/23/2021,1600
888,house,2390,5,2,1946,8.5,suburban,0,true,false,city,1999,33751,3.8,2.1,1.0,5.2,50353,4926,240,gas,window,crawl space,asphalt,6,2/7/2022,381397,11/10/2022,1000
889,condo,1033,2,4,1938,4.1,suburban,0,true,false,mountain,1962,48551,4.5,7.6,8.3,3.5,140818,3915,78,gas,window,basement,tile,7,5/2/2021,445755,12/30/2020,800
890,condo,4844,6,4,1963,3.5,urban,3,false,true,mountain,1903,30393,0.6,9.3,6.7,7.8,68148,2343,171,oil,window,basement,tile,7,5/4/2020,959975,1/14/2021,3000
891,apartment,4453,1,1,1921,6.6,rural,1,false,false,ocean,1961,42093,3.4,8.0,0.7,9.5,116005,1768,368,electric,none,crawl space,asphalt,9,11/26/2021,417014,4/1/2022,800
892,condo,2432,5,1,2020,4.4,suburban,0,false,false,city,1979,41103,3.7,7.8,7.4,4.8,140364,3106,89,gas,central,crawl space,tile,1,1/14/2020,81009,3/10/2022,0
893,house,1909,2,3,1977,5.0,suburban,1,true,false,mountain,1991,33245,6.9,2.6,1.5,3.6,71494,1631,264,gas,window,slab,metal,9,8/15/2022,905041,3/9/2020,2600
894,townhouse,2357,3,4,1915,8.9,suburban,3,true,true,ocean,1971,25040,6.4,2.9,3.2,9.5,107602,1038,326,gas,none,slab,tile,4,7/23/2022,484927,1/20/2021,1800
895,apartment,3481,6,1,1915,7.8,rural,3,false,false,ocean,1923,37299,6.8,2.5,9.0,0.4,50073,4162,145,oil,central,basement,tile,7,6/17/2022,806216,11/25/2021,2000
896,townhouse,3436,4,2,1904,9.2,urban,1,true,false,mountain,1983,23494,1.5,1.6,0.8,4.2,50243,1685,200,oil,none,slab,metal,8,4/14/2020,936684,8/27/2020,3800
897,condo,4814,5,1,1951,4.6,rural,0,false,false,city,2022,20449,1.5,4.5,2.1,1.7,65266,4110,246,oil,central,crawl space,tile,6,7/20/2021,950400,8/31/2021,4500
898,house,4623,6,3,1919,1.1,rural,0,true,true,mountain,1909,47139,9.2,5.3,9.1,9.8,102877,2192,344,gas,central,crawl space,asphalt,1,5/11/2021,804167,3/15/2020,1600
899,apartment,2936,6,2,1982,5.8,suburban,3,true,true,mountain,1995,2014,4.7,4.1,7.1,9.9,124072,3418,142,gas,none,basement,metal,8,6/16/2021,109193,12/23/2020,5300
900,house,4006,6,3,2000,1.6,rural,3,false,false,city,1995,38183,5.3,2.4,6.4,3.1,76123,4367,326,gas,window,crawl space,asphalt,9,12/17/2020,813758,10/7/2022,2000
901,condo,598,5,3,1912,5.7,urban,3,true,false,mountain,1973,8113,4.7,7.6,1.9,6.8,115918,838,195,electric,window,slab,metal,1,10/12/2022,613306,6/14/2021,7400
902,house,4229,4,2,1964,1.5,rural,0,true,false,city,1956,42319,7.8,4.0,4.5,9.4,143717,4636,349,gas,central,basement,tile,8,7/18/2020,479201,3/8/2020,1000
903,house,3333,4,4,1956,7.7,rural,0,false,true,mountain,1951,49969,4.2,9.3,3.2,4.0,74229,2669,115,oil,window,crawl space,asphalt,3,8/18/2021,259311,12/14/2021,400
904,condo,2918,5,3,1900,6.2,rural,0,true,true,city,1948,13417,9.2,7.0,1.2,9.8,43030,3931,334,oil,central,slab,tile,10,2/1/2020,230215,11/4/2022,1600
905,townhouse,1652,2,1,1920,6.6,urban,1,true,false,ocean,1994,1436,5.9,7.5,4.2,5.4,36099,3736,170,electric,central,slab,tile,1,3/28/2022,825868,4/9/2022,57400
906,house,2880,3,3,1987,6.8,suburban,2,false,true,city,1987,13094,2.9,6.0,4.8,8.8,133869,3913,359,gas,window,slab,tile,4,11/24/2020,733618,10/7/2021,5500
907,townhouse,4607,1,4,1949,1.9,suburban,2,false,false,mountain,1924,10615,3.5,2.9,9.4,7.7,92467,1887,365,electric,central,crawl space,metal,1,3/25/2022,374842,7/2/2022,3400
908,townhouse,2668,5,1,1954,1.5,urban,0,true,false,city,1996,15757,0.4,5.0,5.9,4.3,124812,2599,74,oil,central,crawl space,metal,5,2/11/2020,622410,11/22/2022,3800
909,house,4187,1,3,1990,5.9,urban,2,false,false,city,2015,41743,1.2,8.7,1.2,1.3,33096,4986,355,electric,central,crawl space,metal,10,2/8/2020,984661,8/31/2020,2200
910,townhouse,3425,4,1,1929,9.7,suburban,1,false,true,ocean,1964,3125,4.0,5.9,7.6,7.9,146279,2718,335,gas,window,slab,asphalt,4,10/18/2022,419323,7/17/2021,13300
911,townhouse,1270,5,2,1914,3.1,rural,1,true,false,mountain,1978,27572,6.5,2.3,2.8,7.0,76510,4863,408,electric,window,basement,asphalt,3,7/26/2020,790527,5/8/2020,2700
912,condo,4059,5,4,1936,6.1,rural,2,true,true,mountain,2019,7377,1.5,3.5,1.8,1.3,143215,3492,231,gas,central,crawl space,tile,3,8/27/2020,675871,10/21/2020,9000
913,condo,3567,5,1,1963,7.0,urban,0,true,true,mountain,1901,46691,2.9,7.1,0.1,3.3,133801,2327,183,gas,window,crawl space,asphalt,6,8/26/2022,52301,11/7/2022,0
914,house,4059,6,1,1962,0.6,rural,1,false,true,city,1970,29289,4.7,7.5,4.4,4.6,78683,2912,311,electric,central,slab,tile,1,2/17/2022,623934,4/25/2022,2000
915,townhouse,4101,4,2,1929,5.5,rural,3,true,true,city,2008,24969,0.2,9.3,5.9,9.6,50058,787,346,gas,window,slab,metal,4,9/7/2022,906566,3/24/2022,3500
916,condo,3206,5,4,1956,4.2,suburban,3,false,true,ocean,1914,32787,8.7,1.5,2.3,2.7,76204,1302,198,gas,central,basement,asphalt,5,2/16/2022,981604,12/31/2020,2800
917,condo,602,2,1,1916,1.5,suburban,2,false,false,city,1914,6324,1.4,3.4,4.9,0.9,79464,4810,316,oil,none,basement,asphalt,2,12/29/2022,411170,4/15/2020,6400
918,condo,4854,4,3,1956,3.2,urban,0,true,false,city,1967,47769,7.0,1.5,4.7,7.4,146455,4062,80,gas,window,basement,asphalt,4,10/15/2021,667976,1/31/2020,1200
919,townhouse,4875,3,2,1909,9.4,rural,1,false,true,ocean,2002,28136,7.1,1.2,3.2,7.7,80931,3094,497,electric,window,basement,tile,8,10/13/2021,461145,2/6/2021,1500
920,townhouse,2623,5,3,1918,7.3,suburban,2,true,true,ocean,1973,42951,8.9,1.7,8.2,5.7,101430,4349,214,gas,none,crawl space,tile,5,3/15/2021,77832,6/20/2021,0
921,condo,2065,5,3,1967,5.0,rural,0,true,false,ocean,1916,19283,8.5,3.5,1.3,4.4,113391,1405,467,gas,none,slab,tile,4,4/18/2022,490471,10/11/2022,2400
922,apartment,2519,5,1,1963,6.0,urban,0,false,true,city,1980,9395,7.6,0.2,9.6,1.2,138463,1342,212,gas,central,crawl space,tile,2,11/7/2022,810583,9/20/2020,8500
923,apartment,1885,4,2,1950,7.9,rural,0,false,true,city,1990,10843,6.8,3.7,8.5,0.2,99719,2481,139,oil,window,crawl space,metal,9,4/25/2020,802728,8/3/2020,7300
924,condo,3085,1,3,1907,4.9,urban,3,true,false,mountain,2012,22215,8.8,6.5,7.4,1.0,53870,4976,447,gas,central,slab,metal,5,3/13/2022,416555,3/16/2020,1700
925,condo,4218,2,4,1910,3.6,suburban,1,true,true,mountain,1976,3504,6.7,8.1,6.0,7.6,104991,2370,426,oil,window,basement,metal,5,12/6/2020,739614,9/2/2022,21000
926,house,3555,2,1,1901,0.6,rural,0,false,true,city,2014,34056,0.2,1.2,1.9,8.8,115486,2557,414,gas,none,crawl space,asphalt,10,1/22/2022,542043,2/12/2022,1400
927,townhouse,2383,4,4,1953,2.0,urban,2,true,true,city,1995,18226,2.4,2.8,7.7,5.9,111717,2185,320,oil,window,basement,metal,6,6/4/2021,795470,10/22/2021,4200
928,house,3006,3,2,1960,1.5,rural,3,false,false,mountain,1900,21073,1.3,7.3,3.5,6.0,35188,2673,485,gas,central,crawl space,metal,1,7/12/2020,396138,11/11/2021,1700
929,condo,587,3,2,1907,2.3,rural,0,true,true,ocean,2007,29384,4.7,8.8,7.8,3.8,68113,2763,283,oil,central,slab,tile,1,5/24/2020,707642,2/11/2020,2300
930,house,3088,5,2,1999,4.7,suburban,3,true,false,city,2018,21318,2.1,1.2,8.4,0.1,73840,4819,330,electric,window,crawl space,metal,3,7/14/2022,284799,3/15/2021,1200
931,condo,511,1,1,2007,8.9,rural,2,false,true,mountain,2008,27306,2.5,1.4,2.7,6.8,134977,4865,134,gas,none,crawl space,asphalt,10,5/24/2021,887532,12/12/2020,3100
932,condo,4545,4,1,1960,5.6,suburban,1,false,true,ocean,1972,23239,8.4,4.0,3.8,7.9,122571,3595,304,gas,central,crawl space,tile,10,10/13/2021,761619,4/21/2021,3100
933,apartment,2181,3,2,1932,0.3,rural,3,false,true,ocean,2005,11959,7.0,2.7,9.6,7.0,146059,2650,307,electric,none,crawl space,tile,6,4/11/2022,935947,2/17/2020,7700
934,house,4311,1,3,1943,9.3,urban,3,false,true,ocean,1927,12767,9.7,8.8,9.0,6.0,129774,3604,396,gas,central,slab,asphalt,8,11/4/2022,434907,9/11/2022,3300
935,townhouse,2776,4,4,1959,6.1,urban,3,true,false,ocean,1924,14766,2.7,6.4,8.6,5.1,35883,3447,74,oil,none,crawl space,metal,8,12/13/2022,961207,11/5/2020,6400
936,townhouse,3717,4,2,2015,8.5,rural,1,true,false,city,1925,42584,5.3,1.4,8.1,8.4,65235,1149,460,oil,central,basement,tile,1,8/19/2020,423544,9/15/2021,800
937,house,3765,2,4,1984,8.7,suburban,1,false,false,mountain,1935,29077,3.6,6.5,4.4,5.9,65319,1793,182,gas,central,crawl space,asphalt,1,1/20/2020,808121,9/10/2022,2600
938,house,882,4,1,2010,2.7,rural,2,false,true,city,2007,32574,3.4,4.7,4.0,9.7,139195,978,173,gas,none,slab,tile,7,2/19/2021,710391,3/8/2020,2000
939,apartment,643,3,2,1964,4.5,rural,3,false,false,city,2014,11294,6.5,2.6,7.0,2.4,52506,1072,191,oil,window,slab,tile,1,12/8/2022,448865,12/31/2021,3800
940,condo,992,5,1,1989,8.1,suburban,1,true,false,ocean,2002,1448,3.1,5.3,1.7,9.1,109187,3575,412,gas,central,crawl space,metal,5,12/30/2022,522733,7/12/2022,36000
941,condo,523,3,4,2006,0.9,suburban,3,true,false,city,1930,9726,1.6,0.9,0.2,6.6,69574,1370,227,electric,none,basement,asphalt,1,5/23/2021,873726,4/27/2022,8800
942,condo,4896,3,4,1919,3.2,urban,3,true,true,city,1974,34643,1.5,7.1,7.4,2.2,90724,3323,152,oil,none,basement,tile,2,4/25/2020,358013,9/1/2021,900
943,condo,1634,3,1,1923,8.2,urban,2,false,true,ocean,2002,36571,0.5,5.8,7.2,7.6,100538,3398,132,electric,none,slab,asphalt,5,8/7/2022,769029,7/11/2021,2000
944,townhouse,592,4,3,1911,0.2,urban,3,false,true,ocean,1997,26218,1.8,9.1,4.8,0.9,77609,881,499,oil,window,basement,asphalt,5,5/28/2022,326134,9/14/2022,1100
945,house,2042,5,2,1983,4.5,suburban,3,true,false,city,1987,8520,8.9,7.6,8.4,2.3,123193,4571,461,electric,central,basement,asphalt,7,8/3/2020,898688,4/21/2020,10400
946,condo,698,6,1,2006,0.4,suburban,1,false,false,ocean,1991,11139,2.4,8.6,0.4,0.5,51036,3347,73,electric,window,slab,tile,10,1/10/2022,250850,9/30/2020,2100
947,condo,2301,2,1,2014,4.4,urban,2,false,true,mountain,1999,9329,2.1,0.9,9.2,2.9,64549,2008,91,electric,central,crawl space,tile,1,9/3/2022,74446,10/28/2022,600
948,house,1991,4,3,1997,1.7,rural,2,false,true,city,1991,42329,9.5,3.0,3.3,4.9,147400,1604,260,oil,window,slab,asphalt,3,5/11/2021,131167,5/20/2020,200
949,condo,2904,2,3,1926,4.3,rural,0,false,false,mountain,1944,14342,6.3,8.9,4.4,7.4,104655,4247,346,gas,window,slab,tile,4,11/17/2022,832506,5/18/2022,5700
950,condo,3803,3,1,1957,2.0,rural,3,true,true,city,2021,38087,9.7,5.0,0.5,7.2,58769,3015,123,electric,none,basement,tile,10,11/21/2021,123970,10/26/2021,200
951,apartment,3495,2,2,1995,10.0,suburban,0,false,false,mountain,1917,37808,1.7,5.2,3.6,9.1,126169,2611,466,oil,window,basement,tile,8,12/31/2021,658696,5/5/2020,1600
952,apartment,4072,6,4,1906,4.7,urban,0,true,true,mountain,2008,8169,9.3,1.8,3.6,7.2,84090,3433,315,electric,central,basement,metal,10,8/24/2022,798633,6/30/2020,9600
953,apartment,4005,4,3,1991,10.0,rural,0,false,false,city,1912,12276,9.6,3.3,7.4,1.8,38020,4364,81,gas,central,crawl space,asphalt,6,2/25/2020,569100,6/28/2022,4500
954,apartment,1424,6,2,1971,2.2,rural,0,false,false,ocean,1938,39143,8.0,7.0,3.7,5.0,81991,3275,351,electric,central,basement,asphalt,8,3/27/2021,363804,2/1/2022,800
955,house,2783,3,3,2002,3.1,suburban,3,true,true,city,1987,10962,1.3,3.7,5.9,9.5,136147,1101,58,gas,window,slab,asphalt,9,10/1/2020,168990,3/9/2022,1400
956,apartment,3755,1,4,1912,3.9,urban,2,true,true,ocean,1967,7101,7.0,9.2,0.8,1.2,75639,3736,435,gas,none,basement,metal,3,8/21/2020,660675,1/11/2022,9200
957,townhouse,4735,2,4,1961,9.9,urban,3,true,true,ocean,1911,17210,4.0,7.8,7.5,8.0,55803,2402,406,oil,none,basement,asphalt,6,8/3/2022,872715,10/27/2022,4900
958,apartment,4472,4,2,1950,6.1,urban,3,false,true,ocean,1903,14038,9.3,0.8,2.3,4.8,53197,1809,439,electric,window,basement,tile,3,12/29/2021,900127,12/6/2021,6300
959,apartment,4494,1,2,2009,2.4,suburban,2,false,false,ocean,1925,2192,1.2,6.5,7.6,8.9,48314,4572,66,oil,window,basement,tile,8,12/29/2021,79705,8/20/2022,3500
960,townhouse,605,2,1,2011,7.6,rural,1,true,true,mountain,1919,27672,0.8,9.2,7.7,2.3,117196,4604,483,oil,none,slab,tile,5,1/19/2021,749670,5/10/2020,2600
961,condo,4096,1,2,1909,6.9,urban,2,true,true,city,1909,10258,6.3,6.8,2.4,0.2,36648,4816,405,oil,window,slab,tile,3,5/9/2020,804470,9/9/2020,7700
962,house,3508,4,1,1917,0.6,suburban,0,true,false,mountain,1996,6503,5.6,1.0,0.8,4.9,118915,3166,487,gas,window,slab,asphalt,4,11/2/2020,684069,10/19/2022,10400
963,condo,2189,4,1,1929,5.4,urban,0,false,true,city,1932,41400,1.9,7.3,4.0,1.5,57878,3796,69,gas,none,crawl space,tile,7,11/29/2021,686911,6/4/2021,1500
964,townhouse,996,3,4,1975,2.1,suburban,2,false,true,mountain,1928,39646,8.0,9.2,9.7,5.9,45046,3226,156,oil,window,basement,tile,4,10/11/2022,310591,3/31/2021,600
965,condo,3203,2,4,2020,6.8,urban,1,false,true,ocean,1994,32584,9.0,5.8,6.0,2.4,31338,1188,56,gas,central,slab,tile,6,12/30/2020,57336,9/14/2022,0
966,townhouse,4492,3,1,1993,3.2,rural,3,true,false,mountain,1917,21064,0.5,2.5,0.8,8.8,82456,1939,293,gas,none,crawl space,tile,1,2/22/2020,783989,2/22/2020,3600
967,townhouse,1868,2,2,1915,5.6,rural,3,true,false,mountain,1929,42134,1.6,7.9,8.4,4.9,117676,1844,212,gas,none,basement,asphalt,10,6/12/2021,844790,5/11/2020,1900
968,condo,792,2,1,1950,5.9,rural,0,true,true,mountain,1932,22226,9.6,2.9,5.4,0.3,114376,1676,356,gas,central,crawl space,metal,8,4/3/2022,77345,2/10/2020,200
969,condo,4842,3,4,1951,1.1,urban,2,true,true,ocean,1959,1766,4.2,2.5,8.1,1.6,35389,1723,378,gas,central,slab,metal,3,11/18/2022,787428,8/13/2021,44400
970,apartment,2121,4,3,1949,2.1,rural,2,false,true,ocean,1915,40821,1.7,6.8,5.9,7.8,113565,4830,436,electric,none,crawl space,asphalt,2,3/5/2020,401069,6/5/2020,800
971,townhouse,4655,3,4,1971,2.3,rural,1,true,true,mountain,1985,21861,6.4,3.9,7.3,9.1,85771,4352,228,oil,none,basement,tile,2,11/5/2021,145898,8/10/2021,500
972,condo,1896,4,4,2011,8.4,urban,3,false,false,mountain,1947,17052,8.1,3.7,9.1,5.0,47334,1842,442,electric,central,basement,asphalt,1,11/27/2022,348954,11/4/2021,1900
973,house,3009,4,1,2006,7.6,suburban,1,true,true,mountain,2015,22532,0.5,9.7,8.8,2.8,112591,4041,207,oil,central,basement,tile,1,11/8/2020,500617,8/25/2022,2100
974,condo,3005,3,4,2001,5.8,urban,2,false,false,mountain,1985,35907,8.9,3.9,2.0,9.7,38121,2775,493,electric,central,basement,asphalt,3,3/7/2020,652852,6/26/2022,1700
975,apartment,2973,6,1,1951,8.3,rural,1,true,true,ocean,1973,13150,8.7,0.6,7.1,10.0,133850,4847,228,gas,none,slab,tile,4,2/11/2021,242071,4/20/2022,1700
976,condo,2322,4,1,1996,4.2,urban,0,true,true,city,1954,32000,1.6,1.0,8.2,2.3,100832,686,236,oil,central,basement,asphalt,2,8/28/2021,491120,5/28/2021,1400
977,townhouse,3806,3,3,2006,4.6,rural,1,true,false,city,1926,5672,1.8,7.4,7.4,0.5,128370,2629,490,electric,central,crawl space,asphalt,10,7/26/2020,327599,11/24/2020,5600
978,condo,4411,1,4,1917,2.6,suburban,1,false,true,city,1929,48419,6.0,4.0,4.9,0.9,56623,2187,167,electric,none,crawl space,metal,2,10/26/2020,598158,7/21/2020,1100
979,townhouse,1367,4,3,2019,9.4,suburban,1,false,false,city,1908,6808,4.6,8.6,4.0,3.6,139442,3574,455,electric,central,slab,asphalt,6,2/9/2022,827984,7/26/2020,12000
980,house,2951,3,3,2005,7.1,suburban,3,false,true,ocean,2004,44439,0.6,7.7,8.9,6.4,68197,2091,196,oil,none,crawl space,asphalt,4,6/21/2021,716181,11/1/2020,1500
981,townhouse,4639,6,4,1999,8.2,urban,3,false,false,mountain,1913,3009,3.8,5.3,5.0,8.6,122694,3221,189,electric,none,basement,metal,4,3/21/2021,484627,5/20/2020,16000
982,townhouse,800,3,2,1991,6.0,urban,2,false,true,ocean,1956,5145,6.8,3.4,5.4,5.5,32298,1124,488,oil,window,basement,asphalt,8,4/4/2021,780928,3/3/2020,15000
983,condo,3152,1,4,1993,8.7,suburban,0,true,false,ocean,2017,16537,7.9,1.0,3.5,7.7,23722,3335,430,gas,central,basement,asphalt,8,1/13/2020,744675,4/20/2022,4400
984,townhouse,4313,1,2,1935,1.1,urban,3,false,true,mountain,1985,15936,9.8,5.8,4.5,6.2,139314,4122,163,gas,window,basement,tile,1,6/13/2021,106138,10/6/2021,500
985,apartment,1874,1,3,1954,9.0,urban,1,true,true,ocean,1970,44030,9.8,7.7,8.4,7.8,104435,3435,333,gas,none,crawl space,asphalt,5,2/3/2021,667669,2/4/2021,1400
986,condo,4207,4,1,2004,6.1,rural,3,true,true,mountain,1957,24806,3.3,0.2,8.8,2.0,75552,4156,360,electric,none,slab,asphalt,9,7/9/2022,543302,12/29/2022,2000
987,condo,3785,3,3,1946,3.3,suburban,3,true,true,city,1961,9001,4.6,0.3,0.9,1.7,66433,1777,159,gas,none,slab,metal,1,10/9/2020,531867,2/14/2020,5800
988,townhouse,4120,5,4,1926,8.7,urban,2,false,true,city,1975,30485,7.8,8.9,0.7,8.3,60649,2026,133,electric,central,crawl space,metal,3,1/14/2022,946148,3/18/2021,3000
989,apartment,2004,2,3,1945,4.9,rural,2,false,true,ocean,2005,49245,6.3,7.5,9.0,7.7,131333,4600,431,electric,none,basement,tile,5,1/2/2021,803312,1/20/2020,1500
990,townhouse,2536,1,4,1903,1.1,urban,1,false,true,city,2007,19467,2.6,3.8,8.3,5.3,129763,4960,413,oil,none,basement,tile,4,8/26/2022,980702,8/20/2021,4900
991,house,3961,6,2,1943,5.0,suburban,2,true,true,ocean,2016,40123,5.4,8.7,4.9,5.5,49935,2160,369,oil,window,basement,asphalt,7,11/20/2021,308048,11/8/2020,600
992,apartment,1485,4,3,1931,9.9,suburban,1,false,true,ocean,1985,12395,9.1,5.4,2.3,9.3,24190,1703,197,oil,none,slab,tile,10,4/5/2021,545763,2/14/2022,4300
993,condo,3885,1,3,1909,2.6,suburban,2,true,true,city,1928,49343,4.8,4.4,6.3,3.1,37234,4540,53,electric,window,basement,tile,6,6/23/2021,280854,4/19/2022,400
994,apartment,2577,5,3,1958,10.0,suburban,2,false,false,mountain,2015,49370,1.4,0.4,4.0,1.4,51554,2347,119,oil,central,slab,asphalt,6,4/23/2021,709150,5/12/2022,1300
995,apartment,1013,4,1,1906,1.1,suburban,0,false,true,ocean,1908,31770,0.4,9.3,9.9,6.3,100011,3396,267,oil,window,slab,asphalt,1,5/14/2021,341569,4/29/2020,900
996,apartment,3480,2,3,2011,9.9,urban,2,false,false,ocean,2008,16152,4.6,2.0,8.7,1.7,33214,2869,101,electric,central,basement,metal,1,12/29/2021,468317,4/16/2022,2700
997,townhouse,823,4,1,1940,6.7,urban,2,true,true,ocean,1963,21784,8.9,2.8,6.2,8.2,144782,2908,69,oil,none,crawl space,tile,6,3/1/2020,934809,12/15/2022,4100
998,townhouse,4397,2,1,1940,1.3,urban,0,true,true,mountain,1909,25771,0.3,0.9,3.3,5.9,92319,1878,474,oil,window,basement,asphalt,9,11/9/2022,938510,6/26/2022,3500
999,condo,1693,2,2,1928,0.6,rural,2,true,false,city,2012,8417,6.5,7.8,7.8,3.1,89645,2913,311,gas,none,crawl space,tile,8,11/30/2021,145027,5/30/2021,1600
1000,house,1098,5,1,1922,3.9,suburban,2,true,false,city,1951,27747,5.4,9.8,2.9,7.3,26539,3649,179,oil,central,basement,metal,6,10/2/2020,822489,1/29/2020,2800
